Situation Number,Phase,NextPhase,Situation Name,ACT,Situation Description,Required Context,Given Context,Removed Context,Outcome
1,START,REACTION,Night Movement,Wake and listen toward the edge of the firelight.,"You wake during the night after hearing movement just beyond the light of your campfire. For a moment everything goes still, but then another faint rustle comes from somewhere past the trees, close enough that it is difficult to ignore.",-,"CAMP, MOVEMENT_HEARD, NIGHT, UNKNOWN_SOURCE",-,-
2,START,REACTION,Distant Cry,Listen for the distant cry again.,"A distant cry wakes you from your rest. It sounds human, but the darkness makes it difficult to tell where it came from. The sound fades quickly, leaving you unsure whether someone nearby is injured, lost, or trying to draw attention.",-,"CAMP, DISTRESS_POSSIBLE, NIGHT, UNKNOWN_SOURCE, VOICE_HEARD",-,-
3,START,REACTION,Cargo Noise,Check what disturbed the supplies.,"You wake to the sound of something shifting among your supplies beside the camp. A bag scrapes against the ground and then the noise stops, as if whatever caused it noticed that you were awake.",-,"CAMP, CARGO_DISTURBED, CARGO_PRESENT, NIGHT, UNKNOWN_SOURCE",-,-
4,START,REACTION,Dying Fire,Check the dying campfire.,"You wake and find the campfire almost extinguished, its last embers barely lighting the ground around you. The night has grown colder, and without attention the remaining glow may disappear completely.",-,"CAMP, FIRE_LOW, NIGHT",-,-
5,START,REACTION,Approaching Footsteps,Listen to the footsteps outside the camp.,"Slow footsteps wake you as they approach the edge of your camp and then suddenly stop. Whoever or whatever made them is close enough to hear, but nothing enters the firelight.",-,"CAMP, FOOTSTEPS_HEARD, HUMAN_POSSIBLE, NIGHT, UNKNOWN_SOURCE",-,-
6,START,REACTION,Strange Light,Watch the moving light between the trees.,"A faint moving light between the trees catches your attention and pulls you from sleep. It drifts for a few moments beyond the camp, disappears behind the trunks, then appears again farther away.",-,"CAMP, LIGHT_SEEN, NIGHT, UNKNOWN_SOURCE",-,-
7,START,REACTION,Animal Cry,Listen for the animal beyond the camp.,"A sharp animal cry breaks the silence of the night and wakes you immediately. The sound is close, followed by movement somewhere beyond the firelight, but you cannot yet tell what kind of animal is nearby.",-,"ANIMAL_SOUND, CAMP, NIGHT, UNKNOWN_SOURCE",-,-
8,START,REACTION,Broken Branch,Check where the branch broke.,"A loud crack from somewhere nearby wakes you, followed by branches shifting in the darkness. The movement seems to continue along the tree line before suddenly going quiet.",-,"CAMP, FOREST_NEARBY, MOVEMENT_HEARD, NIGHT, UNKNOWN_SOURCE",-,-
9,START,REACTION,Whispering Voices,Listen to the whispering beyond the fire.,"You wake to quiet voices whispering somewhere beyond the edge of the firelight. The words are impossible to make out, but there is clearly more than one person nearby and they do not seem eager to be seen.",-,"CAMP, HUMAN_POSSIBLE, NIGHT, UNKNOWN_SOURCE, WHISPERS_HEARD",-,-
10,START,REACTION,Storm Disturbance,Inspect what the storm disturbed.,"Heavy wind and rain wake you as something strikes or pulls at the edge of your camp. The shelter strains under the weather, and another sharp sound comes from the direction of your cargo.",-,"CAMP, CARGO_PRESENT, NIGHT, SHELTER_PRESENT, STORM_ACTIVE",-,-
11,REACTION,REVEAL,Get Up and Investigate,Leave the warmth of the fire and search for the source of the disturbance.,You leave the warmth of the fire and search for the source of the disturbance.,"CAMP, UNKNOWN_SOURCE",INVESTIGATING,-,-
12,REACTION,REVEAL,Wait and Listen,Remain still and focus on every sound around the camp.,You remain still and focus on every sound around the camp.,"CAMP, UNKNOWN_SOURCE",LISTENING,-,-
13,REACTION,REVEAL,Grab a Torch,Light a torch and sweep its light across the surrounding darkness.,You light a torch and sweep its light across the surrounding darkness.,"NIGHT, UNKNOWN_SOURCE","OBSERVING, TORCH_LIT",-,-
14,REACTION,REVEAL,Inspect the Ground,"Check the ground around camp for tracks, disturbed soil, or dropped objects.","You check the ground around camp for tracks, disturbed soil, or dropped objects.","CAMP, UNKNOWN_SOURCE",TRACK_SEARCH,-,-
15,REACTION,REVEAL,Call Out into the Darkness,Ask whether anyone is there and wait for an answer.,You ask whether anyone is there and wait for an answer.,UNKNOWN_SOURCE,CALLED_OUT,-,-
16,REACTION,REVEAL,Circle Around the Camp,Quietly approach the disturbance from another direction.,You quietly approach the disturbance from another direction.,"CAMP, UNKNOWN_SOURCE","FLANKING, INVESTIGATING",-,-
17,REACTION,REVEAL,Stay Beside the Fire,Remain in the light and wait to see whether the disturbance comes closer.,You remain in the light and wait to see whether the disturbance comes closer.,"CAMP, NIGHT",WAITING_AT_FIRE,-,-
18,REACTION,REVEAL,Prepare for Trouble,Ready yourself for a possible threat before doing anything else.,You ready yourself for a possible threat before doing anything else.,"CAMP, UNKNOWN_SOURCE","DEFENSIVE, LISTENING",-,-
19,REACTION,REVEAL,Follow the Movement,Move cautiously toward where you last heard the movement.,You move cautiously toward where you last heard the movement.,"MOVEMENT_HEARD, UNKNOWN_SOURCE","FOLLOWING_MOVEMENT, INVESTIGATING",-,-
20,REACTION,REVEAL,Search the Tree Line,Inspect the trees and bushes for whatever caused the disturbance.,You inspect the trees and bushes for whatever caused the disturbance.,"FOREST_NEARBY, UNKNOWN_SOURCE","INVESTIGATING, TREE_LINE_SEARCH",-,-
21,REACTION,REVEAL,Call Back to the Voice,Call toward the voice and ask the person to answer clearly.,You call toward the voice and ask the person to answer clearly.,"UNKNOWN_SOURCE, VOICE_HEARD","CALLED_OUT, VOICE_CONTACT_ATTEMPT",-,-
22,REACTION,REVEAL,Move Toward the Cry,Leave the fire and carefully move toward where the cry came from.,You leave the fire and carefully move toward where the cry came from.,"DISTRESS_POSSIBLE, VOICE_HEARD","APPROACHING_VOICE, INVESTIGATING",-,-
23,REACTION,REVEAL,Wait for Another Cry,Remain still and listen for the person to call again.,You remain still and listen for the person to call again.,VOICE_HEARD,LISTENING_FOR_VOICE,-,-
24,REACTION,REVEAL,Offer Help from a Distance,"Call out that you can help, but ask the unseen person to approach slowly.","You call out that you can help, but ask the unseen person to approach slowly.",VOICE_HEARD,"CALLED_OUT, HELP_OFFERED",-,-
25,REACTION,REVEAL,Follow the Footsteps,Move after the footsteps before they can disappear into the night.,You move after the footsteps before they can disappear into the night.,"FOOTSTEPS_HEARD, UNKNOWN_SOURCE","FOLLOWING_FOOTSTEPS, INVESTIGATING",-,-
26,REACTION,REVEAL,Wait for the Footsteps to Return,Stay still and listen for the footsteps to move again.,You stay still and listen for the footsteps to move again.,FOOTSTEPS_HEARD,LISTENING_FOR_FOOTSTEPS,-,-
27,REACTION,REVEAL,Challenge Whoever Is Approaching,Warn the unseen person that you are awake and prepared.,You warn the unseen person that you are awake and prepared.,FOOTSTEPS_HEARD,"CALLED_OUT, DEFENSIVE",-,-
28,REACTION,REVEAL,Listen to the Whispering,Remain quiet and try to make out what the voices are saying.,You remain quiet and try to make out what the voices are saying.,WHISPERS_HEARD,EAVESDROPPING,-,-
29,REACTION,REVEAL,Reveal That You Are Awake,Speak toward the whispering voices and tell them to show themselves.,You speak toward the whispering voices and tell them to show themselves.,WHISPERS_HEARD,"CALLED_OUT, DEFENSIVE",-,-
30,REACTION,REVEAL,Follow the Strange Light,Move cautiously toward the light while keeping your camp behind you.,You move cautiously toward the light while keeping your camp behind you.,"LIGHT_SEEN, UNKNOWN_SOURCE","FOLLOWING_LIGHT, INVESTIGATING",-,-
31,REACTION,REVEAL,Signal with Your Torch,Wave a torch toward the distant light to see whether someone responds.,You wave a torch toward the distant light to see whether someone responds.,"LIGHT_SEEN, NIGHT","SIGNALLED_LIGHT, TORCH_LIT",-,-
32,REACTION,REVEAL,Watch the Light from Camp,Stay beside the fire and observe the moving light without approaching.,You stay beside the fire and observe the moving light without approaching.,LIGHT_SEEN,OBSERVING_LIGHT,-,-
33,REACTION,REVEAL,Inspect the Cargo,Inspect the bags and crates to see what was moved.,You inspect the bags and crates to see what was moved.,"CARGO_DISTURBED, CARGO_PRESENT",CARGO_CHECK,-,-
34,REACTION,REVEAL,Guard the Supplies,Position yourself between the darkness and your cargo.,You position yourself between the darkness and your cargo.,"CARGO_DISTURBED, CARGO_PRESENT","CARGO_GUARDED, DEFENSIVE, OBSERVING_CARGO",-,-
35,REACTION,REVEAL,Pretend to Sleep,Lie still and watch the cargo from the corner of your eye.,You lie still and watch the cargo from the corner of your eye.,"CARGO_DISTURBED, CARGO_PRESENT","OBSERVING_CARGO, PRETENDING_SLEEP",-,-
36,REACTION,REVEAL,Check for Missing Goods,Quickly count your most valuable goods to see whether anything has disappeared.,You quickly count your most valuable goods to see whether anything has disappeared.,"CARGO_DISTURBED, CARGO_PRESENT",CARGO_INVENTORY_CHECK,-,-
37,REACTION,REVEAL,Use a Torch on the Cargo,Light the bags and crates clearly to expose anything hiding among them.,You light the bags and crates clearly to expose anything hiding among them.,"CARGO_PRESENT, NIGHT","CARGO_CHECK, TORCH_LIT",-,-
38,REACTION,REVEAL,Secure the Cargo First,Tighten the straps and close every exposed bag before searching for the cause.,You tighten the straps and close every exposed bag before searching for the cause.,"CARGO_DISTURBED, CARGO_PRESENT","CARGO_CHECK, CARGO_SECURED_TEMP, DEFENSIVE",-,-
39,REACTION,REVEAL,Listen for the Animal,"Remain still and listen for another cry, growl, or movement.","You remain still and listen for another cry, growl, or movement.",ANIMAL_SOUND,ANIMAL_LISTENING,-,-
40,REACTION,REVEAL,Raise a Torch Toward the Animal Sound,Lift a torch and search the darkness for eyes or movement.,You lift a torch and search the darkness for eyes or movement.,"ANIMAL_SOUND, NIGHT","ANIMAL_SEARCH, TORCH_LIT",-,-
41,REACTION,REVEAL,Make Noise to Scare It Away,Shout and strike your equipment together to frighten the animal away.,You shout and strike your equipment together to frighten the animal away.,ANIMAL_SOUND,ANIMAL_SCARE_ATTEMPT,-,-
42,REACTION,REVEAL,Place Food Away from Camp,Leave a small amount of food away from your supplies and step back.,You leave a small amount of food away from your supplies and step back.,"ANIMAL_SOUND, CAMP",ANIMAL_BAIT_SET,-,FOOD_1_LOSS
43,REACTION,REVEAL,Protect the Fire,Shield the weak embers from the wind and try to keep them alive.,You shield the weak embers from the wind and try to keep them alive.,FIRE_LOW,FIRE_PROTECTED,-,-
44,REACTION,REVEAL,Rebuild the Fire,Gather fuel and try to restore the dying fire.,You gather fuel and try to restore the dying fire.,FIRE_LOW,FIRE_REBUILD_ATTEMPT,-,-
45,REACTION,REVEAL,Inspect the Storm Damage,Step into the rain and inspect the campsite for damage.,You step into the rain and inspect the campsite for damage.,STORM_ACTIVE,STORM_INSPECTION,-,-
46,REACTION,REVEAL,Secure the Shelter,Tighten ropes and supports before the storm can tear the shelter apart.,You tighten ropes and supports before the storm can tear the shelter apart.,"SHELTER_PRESENT, STORM_ACTIVE",SHELTER_SECURE_ATTEMPT,-,-
47,REACTION,REVEAL,Protect the Cargo from Rain,Check the covers and move exposed goods away from the rain.,You check the covers and move exposed goods away from the rain.,"CARGO_PRESENT, STORM_ACTIVE",CARGO_RAIN_PROTECTION,-,-
48,REVEAL,RESPONSE,Fresh Human Footprints,Inspect another set of signs on the ground.,Fresh human footprints cross the edge of the camp and continue into the darkness.,TRACK_SEARCH,"HUMAN_CONFIRMED, HUMAN_TRACKS",UNKNOWN_SOURCE,-
49,REVEAL,RESPONSE,Fresh Animal Tracks,Examine the tracks closely enough to identify what made them.,Fresh animal tracks pass close to the fire before leading away.,TRACK_SEARCH,"ANIMAL_CONFIRMED, ANIMAL_TRACKS",UNKNOWN_SOURCE,-
50,REVEAL,RESPONSE,Fresh Blood Trail,Check the ground and surroundings carefully.,Drops of fresh blood form a trail leading away from the camp.,TRACK_SEARCH,BLOOD_TRAIL,-,-
51,REVEAL,RESPONSE,Broken Branches Form a Trail,Search deeper along the edge of the trees.,Freshly broken branches form a rough trail away from the campsite.,TREE_LINE_SEARCH,TRAIL_FOUND,-,-
52,REVEAL,RESPONSE,A Hidden Figure,Continue toward the source of the disturbance.,You briefly see a human-shaped figure moving between the trees.,INVESTIGATING,"HIDDEN_PERSON, HUMAN_CONFIRMED",UNKNOWN_SOURCE,-
53,REVEAL,RESPONSE,Eyes Beyond the Firelight,Keep watching the darkness for movement.,A pair of eyes reflects the firelight from somewhere beyond the camp.,OBSERVING,"ANIMAL_CONFIRMED, ANIMAL_WATCHING",UNKNOWN_SOURCE,-
54,REVEAL,RESPONSE,Nothing Obvious Is Found,Search the immediate area one more time before giving up.,"Your search reveals no clear tracks, person, or animal nearby.",INVESTIGATING,NO_SOURCE_FOUND,-,-
55,REVEAL,RESPONSE,Something Moves Near the Cargo,Watch the cargo from the safety of the fire.,A dark shape moves beside the supplies before slipping out of view.,"CARGO_PRESENT, WAITING_AT_FIRE",CARGO_INTRUSION_POSSIBLE,-,-
56,REVEAL,RESPONSE,The Movement Stops,Continue following where the movement went.,The movement stops completely as soon as you approach.,FOLLOWING_MOVEMENT,"NO_SOURCE_FOUND, SOURCE_FLED_POSSIBLE",-,-
57,REVEAL,RESPONSE,Someone Runs Away,Close in from the side and check the area.,You hear a person break into a run and disappear into the darkness.,FLANKING,"HUMAN_CONFIRMED, PERSON_FLEEING",UNKNOWN_SOURCE,-
58,REVEAL,RESPONSE,Heavy Animal Breathing,Focus on the heavier sounds moving close to camp.,"Slow, heavy breathing reveals that a large animal is very close.",LISTENING,"ANIMAL_CONFIRMED, LARGE_ANIMAL",UNKNOWN_SOURCE,-
59,REVEAL,RESPONSE,Quiet Human Footsteps,Keep listening until the pattern of the footsteps becomes clear.,The rhythm of the movement makes it clear that a person is walking around the camp.,LISTENING,"HUMAN_CONFIRMED, PERSON_NEARBY",UNKNOWN_SOURCE,-
60,REVEAL,RESPONSE,Two People Whispering,Check the ground and surroundings carefully.,You make out two people speaking quietly just outside the firelight.,LISTENING,"HUMAN_CONFIRMED, MULTIPLE_PEOPLE",UNKNOWN_SOURCE,-
61,REVEAL,RESPONSE,Cargo Being Moved,Focus on the sounds around the cargo.,You hear a bag scrape across the ground beside your supplies.,"CARGO_PRESENT, LISTENING",CARGO_INTRUSION_POSSIBLE,-,-
62,REVEAL,RESPONSE,The Night Falls Silent,Stay completely still and wait for the disturbance to repeat.,The disturbance disappears and nothing else moves or calls out.,LISTENING,"NO_SOURCE_FOUND, SILENCE",-,-
63,REVEAL,RESPONSE,A Frightened Traveller Answers,Wait and listen for a response to your call.,A frightened traveller answers and asks whether it is safe to approach.,CALLED_OUT,"FRIGHTENED_TRAVELLER, HUMAN_CONFIRMED, TRAVELLER_PRESENT",UNKNOWN_SOURCE,-
64,REVEAL,RESPONSE,A Warning from the Darkness,Wait for the voice in the darkness to answer your challenge.,A tense voice tells you not to come any closer.,CALLED_OUT,"HOSTILE_WARNING, HUMAN_CONFIRMED",UNKNOWN_SOURCE,-
65,REVEAL,RESPONSE,No One Answers,Call once more and watch for a reaction.,"Your call receives no answer, although you still sense movement nearby.","CALLED_OUT, UNKNOWN_SOURCE",NO_ANSWER,-,-
66,REVEAL,RESPONSE,Someone Knows Your Name,Check the ground and surroundings carefully.,A stranger in the darkness calls you by name before you have introduced yourself.,CALLED_OUT,"HUMAN_CONFIRMED, STRANGER_KNOWS_NAME",UNKNOWN_SOURCE,-
67,REVEAL,RESPONSE,An Animal Growls Back,Hold position and listen for the animal's response.,A low growl answers your voice from beyond the firelight.,"ANIMAL_SOUND, CALLED_OUT","ANIMAL_CONFIRMED, LARGE_ANIMAL",UNKNOWN_SOURCE,-
68,REVEAL,RESPONSE,A Wounded Traveller Is Found,Approach the voice directly and identify who is calling.,You find a wounded traveller sitting against a tree and struggling to stay conscious.,APPROACHING_VOICE,"HUMAN_CONFIRMED, TRAVELLER_PRESENT, WOUNDED_TRAVELLER",UNKNOWN_SOURCE,-
69,REVEAL,RESPONSE,A Lost Merchant Is Found,Move close enough to identify the person calling for help.,A tired merchant steps into view and admits they became lost after nightfall.,APPROACHING_VOICE,"HUMAN_CONFIRMED, MERCHANT_PRESENT, TRAVELLER_PRESENT",UNKNOWN_SOURCE,-
70,REVEAL,RESPONSE,A Suspicious Stranger Waits Ahead,Check the ground and surroundings carefully.,A lone stranger stands off the road and gives no clear reason for being there.,APPROACHING_VOICE,"HUMAN_CONFIRMED, SUSPICIOUS_STRANGER",UNKNOWN_SOURCE,-
71,REVEAL,RESPONSE,The Cry Leads to Abandoned Belongings,Search the area around the voice before stepping closer.,"You find a pack and scattered belongings, but no person nearby.",APPROACHING_VOICE,"ABANDONED_BELONGINGS, MISSING_PERSON_POSSIBLE",-,-
72,REVEAL,RESPONSE,Another Weak Cry Comes from Nearby,Stay quiet and listen for another cry.,"The person calls again, much closer and noticeably weaker.",LISTENING_FOR_VOICE,"DISTRESS_CONFIRMED, VOICE_LOCATED",-,-
73,REVEAL,RESPONSE,A Traveller Steps into View,Wait and listen for the footsteps again.,A lone traveller slowly steps into the firelight with empty hands.,LISTENING_FOR_FOOTSTEPS,"HUMAN_CONFIRMED, TRAVELLER_PRESENT",UNKNOWN_SOURCE,-
74,REVEAL,RESPONSE,An Armed Stranger Is Waiting,Keep following the footsteps carefully.,The footsteps belong to an armed stranger standing just outside the light.,FOLLOWING_FOOTSTEPS,"ARMED_STRANGER, HUMAN_CONFIRMED",UNKNOWN_SOURCE,-
75,REVEAL,RESPONSE,The Footsteps Lead to a Thief,Follow the footsteps until you can see who is moving around the camp.,"You catch a person moving quietly near the edge of your camp, clearly trying not to be seen.",FOLLOWING_FOOTSTEPS,"HUMAN_CONFIRMED, THEFT_THREAT, THIEF_PRESENT",UNKNOWN_SOURCE,-
76,REVEAL,RESPONSE,The Whisperers Are Watching Your Camp,Keep listening without revealing yourself.,You realize the strangers are discussing your campsite and deciding whether to approach.,EAVESDROPPING,"HUMAN_CONFIRMED, MULTIPLE_PEOPLE, SUSPICIOUS_GROUP",UNKNOWN_SOURCE,-
77,REVEAL,RESPONSE,The Whisperers Are Lost Travellers,Keep listening without revealing yourself until the travellers' intent becomes clearer.,The voices belong to travellers arguing quietly about which road to take.,EAVESDROPPING,"HUMAN_CONFIRMED, LOST_TRAVELLERS, TRAVELLERS_PRESENT, TRAVELLER_PRESENT",UNKNOWN_SOURCE,-
78,REVEAL,RESPONSE,A Recently Extinguished Lantern,Follow the light a little farther.,You find a lantern that appears to have been extinguished only moments ago.,FOLLOWING_LIGHT,"HUMAN_POSSIBLE, LANTERN_FOUND",-,-
79,REVEAL,RESPONSE,The Light Belongs to a Traveller,Follow the moving light until you can see who is carrying it.,The moving light is carried by a traveller searching for the road.,FOLLOWING_LIGHT,"HUMAN_CONFIRMED, LOST_TRAVELLER, TRAVELLER_PRESENT",UNKNOWN_SOURCE,-
80,REVEAL,RESPONSE,The Light Disappears,Check the ground and surroundings carefully.,The strange light vanishes the moment you get close enough to investigate.,FOLLOWING_LIGHT,"LIGHT_VANISHED, NO_SOURCE_FOUND",-,-
81,REVEAL,RESPONSE,A Signal Is Returned,Watch for an answer to your signal.,A distant light answers your torch signal with two deliberate flashes.,SIGNALLED_LIGHT,"HUMAN_POSSIBLE, LIGHT_SIGNAL_RETURNED",-,-
82,REVEAL,RESPONSE,The Light Never Moves Again,Keep the distant light under observation.,"After several minutes of watching, the light remains fixed and then fades.",OBSERVING_LIGHT,"LIGHT_VANISHED, NO_SOURCE_FOUND",-,-
83,REVEAL,RESPONSE,A Thief Is Searching the Bags,Open the disturbed bags and inspect them immediately.,You catch a stranger quietly opening one of your bags.,CARGO_CHECK,"HUMAN_CONFIRMED, THEFT_CONFIRMED, THIEF_PRESENT",UNKNOWN_SOURCE,-
84,REVEAL,RESPONSE,A Thief Runs with Stolen Goods,Check the cargo item by item.,A figure runs from the camp carrying something taken from your supplies.,CARGO_INVENTORY_CHECK,"CARGO_MISSING, HUMAN_CONFIRMED, PERSON_FLEEING, THIEF_PRESENT",UNKNOWN_SOURCE,-
85,REVEAL,RESPONSE,An Animal Is Inside the Cargo,Inspect the disturbed cargo closely enough to find what is inside it.,An animal is rummaging between the bags in search of food.,CARGO_CHECK,"ANIMAL_CONFIRMED, ANIMAL_IN_CARGO",UNKNOWN_SOURCE,-
86,REVEAL,RESPONSE,A Cargo Bag Has Been Cut,Check the ground and surroundings carefully.,One of your bags has been cut open cleanly along the side.,CARGO_CHECK,"CARGO_DAMAGED, THEFT_POSSIBLE",-,-
87,REVEAL,RESPONSE,Some Goods Are Missing,Finish checking the cargo inventory and confirm what is missing.,Your count confirms that part of your cargo is gone.,CARGO_INVENTORY_CHECK,CARGO_MISSING,-,-
88,REVEAL,RESPONSE,A Loose Strap Caused the Noise,Check the straps and lashings before searching farther.,A cargo strap has come loose and several items have shifted.,CARGO_CHECK,"CARGO_LOOSE, NO_THREAT_FOUND",UNKNOWN_SOURCE,-
89,REVEAL,RESPONSE,A Stranger Is Watching the Cargo,Keep watch over the cargo without moving.,A person stands beyond the light and appears focused on your supplies.,OBSERVING_CARGO,"HUMAN_CONFIRMED, SUSPICIOUS_STRANGER, THEFT_THREAT",UNKNOWN_SOURCE,-
90,REVEAL,RESPONSE,The Intruder Approaches While You Pretend to Sleep,Remain still and wait for the intruder to act.,"A person quietly approaches the cargo, believing you are still asleep.",PRETENDING_SLEEP,"HUMAN_CONFIRMED, THEFT_CONFIRMED, THIEF_PRESENT",UNKNOWN_SOURCE,-
91,REVEAL,RESPONSE,A Fox Approaches the Food,Watch the bait from a safe distance.,A fox cautiously approaches the food and keeps glancing toward the camp.,ANIMAL_BAIT_SET,"ANIMAL_CONFIRMED, SMALL_ANIMAL",UNKNOWN_SOURCE,-
92,REVEAL,RESPONSE,A Wolf Watches from the Darkness,Search the darkness for the animal.,A wolf stands just beyond the firelight and watches without approaching.,ANIMAL_SEARCH,"ANIMAL_CONFIRMED, LARGE_ANIMAL, WOLF_PRESENT",UNKNOWN_SOURCE,-
93,REVEAL,RESPONSE,Several Wolves Circle the Camp,Listen carefully for the animal's position.,More than one pair of eyes moves around the camp outside the firelight.,ANIMAL_LISTENING,"ANIMAL_CONFIRMED, LARGE_ANIMAL, WOLF_PACK",UNKNOWN_SOURCE,-
94,REVEAL,RESPONSE,An Injured Animal Is Nearby,Approach the injured animal carefully enough to judge its condition.,You find an injured animal struggling to move near the edge of camp.,ANIMAL_SEARCH,"ANIMAL_CONFIRMED, INJURED_ANIMAL",UNKNOWN_SOURCE,-
95,REVEAL,RESPONSE,The Animal Retreats from Your Noise,Hold your ground and see how the animal reacts.,The animal moves farther away after hearing your attempt to scare it.,ANIMAL_SCARE_ATTEMPT,"ANIMAL_CONFIRMED, ANIMAL_RETREATING",UNKNOWN_SOURCE,-
96,REVEAL,RESPONSE,The Embers Can Still Be Saved,Check whether the embers can still be saved.,"Beneath the ash, enough heat remains to rebuild the fire.",FIRE_PROTECTED,EMBERS_USABLE,-,-
97,REVEAL,RESPONSE,The Firewood Is Too Wet,Inspect the fuel and try to restore the fire.,Most of the exposed firewood is soaked and difficult to use.,FIRE_REBUILD_ATTEMPT,FIREWOOD_WET,-,-
98,REVEAL,RESPONSE,A Shelter Rope Has Snapped,Inspect another part of the camp for storm damage.,One of the shelter ropes has broken and part of the cover is collapsing.,STORM_INSPECTION,SHELTER_DAMAGED,-,-
99,REVEAL,RESPONSE,Water Is Reaching the Cargo,Inspect the nearest signs more closely.,Rainwater is beginning to soak through the protection around your supplies.,"CARGO_PRESENT, STORM_INSPECTION",CARGO_WET_RISK,-,-
100,REVEAL,RESPONSE,The Ground Is Beginning to Flood,Check how quickly the water is rising around the campsite.,Water collects around the campsite faster than it can drain away.,STORM_INSPECTION,FLOODING_RISK,-,-
101,REVEAL,RESPONSE,The Shelter Holds for Now,Check whether the shelter will hold.,The reinforced shelter bends in the wind but remains stable.,SHELTER_SECURE_ATTEMPT,SHELTER_STABLE,-,-
102,REVEAL,RESPONSE,The Cargo Cover Is Tearing,Inspect the covered cargo as the rain worsens.,A section of the cargo cover tears and exposes goods to the rain.,CARGO_RAIN_PROTECTION,"CARGO_COVER_TORN, CARGO_WET_RISK",-,-
103,RESPONSE,RESOLUTION,Help the Wounded Traveller,Approach the wounded traveller and help with their immediate injuries.,You approach the wounded traveller and help with their immediate injuries.,WOUNDED_TRAVELLER,TRAVELLER_HELPED,-,-
104,RESPONSE,RESOLUTION,Question the Wounded Traveller,Ask what happened before deciding how far you are willing to help.,You ask what happened before deciding how far you are willing to help.,WOUNDED_TRAVELLER,TRAVELLER_QUESTIONED,-,-
105,RESPONSE,RESOLUTION,Invite the Traveller to the Fire,Allow the traveller to approach and warm themselves beside the fire.,You allow the traveller to approach and warm themselves beside the fire.,TRAVELLER_PRESENT,TRAVELLER_INVITED,-,-
106,RESPONSE,RESOLUTION,Question the Traveller,"Ask who they are, where they came from, and why they are travelling at night.","You ask who they are, where they came from, and why they are travelling at night.",TRAVELLER_PRESENT,TRAVELLER_QUESTIONED,-,-
107,RESPONSE,RESOLUTION,Send the Traveller Away,Decide not to risk sharing the camp and tell the traveller to continue on.,You decide not to risk sharing the camp and tell the traveller to continue on.,TRAVELLER_PRESENT,TRAVELLER_SENT_AWAY,-,-
108,RESPONSE,RESOLUTION,Help the Lost Merchant Find the Road,Give the merchant directions toward the safest route you know.,You give the merchant directions toward the safest route you know.,MERCHANT_PRESENT,MERCHANT_DIRECTED,-,-
109,RESPONSE,RESOLUTION,Question the Suspicious Stranger,Keep your distance and demand a clear explanation for their presence.,You keep your distance and demand a clear explanation for their presence.,SUSPICIOUS_STRANGER,STRANGER_QUESTIONED,-,-
110,RESPONSE,RESOLUTION,Warn the Suspicious Stranger Away,Make it clear that the stranger is not welcome near your camp.,You make it clear that the stranger is not welcome near your camp.,SUSPICIOUS_STRANGER,STRANGER_WARNED,-,-
111,RESPONSE,RESOLUTION,Confront the Armed Stranger,Take a defensive position and demand that the armed stranger stop approaching.,You take a defensive position and demand that the armed stranger stop approaching.,ARMED_STRANGER,ARMED_CONFRONTATION,-,-
112,RESPONSE,RESOLUTION,Stay Hidden and Observe the Strangers,Remain concealed and watch the people outside your camp for a little longer.,You remain concealed and watch the people outside your camp for a little longer.,MULTIPLE_PEOPLE,STRANGERS_OBSERVED,-,-
113,RESPONSE,RESOLUTION,Approach the Person Calling for Help,Move toward the weak voice while watching carefully for danger.,You move toward the weak voice while watching carefully for danger.,"DISTRESS_CONFIRMED, VOICE_LOCATED",DISTRESS_APPROACHED,-,-
114,RESPONSE,RESOLUTION,Search the Abandoned Belongings,Inspect the abandoned belongings for clues about the missing owner.,You inspect the abandoned belongings for clues about the missing owner.,ABANDONED_BELONGINGS,BELONGINGS_SEARCHED,-,-
115,RESPONSE,RESOLUTION,Follow the Human Footprints,Follow the human tracks far enough to learn where they lead.,You follow the human tracks far enough to learn where they lead.,HUMAN_TRACKS,HUMAN_TRACKS_FOLLOWED,-,-
116,RESPONSE,RESOLUTION,Follow the Blood Trail,"Follow the blood trail carefully, unsure what you will find.","You follow the blood trail carefully, unsure what you will find.",BLOOD_TRAIL,BLOOD_TRAIL_FOLLOWED,-,-
117,RESPONSE,RESOLUTION,Challenge the Hidden Person,Reveal yourself and demand that the hidden person identify themselves.,You reveal yourself and demand that the hidden person identify themselves.,HIDDEN_PERSON,HIDDEN_PERSON_CONFRONTED,-,-
118,RESPONSE,RESOLUTION,Answer the Stranger Who Knows Your Name,Ask how the stranger knows who you are.,You ask how the stranger knows who you are.,STRANGER_KNOWS_NAME,NAME_MYSTERY_CHALLENGED,-,-
119,RESPONSE,RESOLUTION,Call Again After No Answer,Call out once more and demand that whoever is nearby reveal themselves.,You call out once more and demand that whoever is nearby reveal themselves.,NO_ANSWER,SECOND_CALL,-,-
120,RESPONSE,RESOLUTION,Follow the Returned Light Signal,Move toward the direction from which the signal was returned.,You move toward the direction from which the signal was returned.,LIGHT_SIGNAL_RETURNED,LIGHT_SIGNAL_FOLLOWED,-,-
121,RESPONSE,RESOLUTION,Search Beyond the Extinguished Lantern,Search the area beyond the lantern for whoever carried it.,You search the area beyond the lantern for whoever carried it.,LANTERN_FOUND,LANTERN_TRAIL_SEARCHED,-,-
122,RESPONSE,RESOLUTION,Follow Where the Light Vanished,Continue toward the place where the strange light disappeared.,You continue toward the place where the strange light disappeared.,LIGHT_VANISHED,VANISHED_LIGHT_FOLLOWED,-,-
123,RESPONSE,RESOLUTION,Block the Thief's Escape,Move between the thief and the easiest route away from camp.,You move between the thief and the easiest route away from camp.,THIEF_PRESENT,THIEF_BLOCKED,-,-
124,RESPONSE,RESOLUTION,Chase the Thief,Pursue the thief before they can disappear with your goods.,You pursue the thief before they can disappear with your goods.,"PERSON_FLEEING, THIEF_PRESENT",THIEF_CHASED,-,-
125,RESPONSE,RESOLUTION,Demand the Goods Back,Confront the thief and demand the return of anything taken.,You confront the thief and demand the return of anything taken.,THIEF_PRESENT,THIEF_CONFRONTED,-,-
126,RESPONSE,RESOLUTION,Let the Thief Flee,Decide that your safety is worth more than the stolen goods.,You decide that your safety is worth more than the stolen goods.,THIEF_PRESENT,THIEF_ALLOWED_ESCAPE,-,-
127,RESPONSE,RESOLUTION,Search for the Missing Goods,Search around the camp for anything dropped or hidden.,You search around the camp for anything dropped or hidden.,CARGO_MISSING,MISSING_GOODS_SEARCHED,-,-
128,RESPONSE,RESOLUTION,Repair the Cut Cargo Bag,Secure the damaged bag before more goods can spill out.,You secure the damaged bag before more goods can spill out.,CARGO_DAMAGED,CARGO_REPAIRED,-,-
129,RESPONSE,RESOLUTION,Secure the Loose Cargo,Tighten every strap and return shifted goods to safe positions.,You tighten every strap and return shifted goods to safe positions.,CARGO_LOOSE,CARGO_FULLY_SECURED,-,-
130,RESPONSE,RESOLUTION,Watch for the Cargo Intruder,Stay near the supplies and wait for the intruder to make another move.,You stay near the supplies and wait for the intruder to make another move.,CARGO_INTRUSION_POSSIBLE,CARGO_AMBUSH_WAIT,-,-
131,RESPONSE,RESOLUTION,Confront the Cargo Watcher,Call out the stranger who has been staring at your supplies.,You call out the stranger who has been staring at your supplies.,"SUSPICIOUS_STRANGER, THEFT_THREAT",CARGO_WATCHER_CONFRONTED,-,-
132,RESPONSE,RESOLUTION,Drive the Animal Away,Advance while making noise to force the animal away from camp.,You advance while making noise to force the animal away from camp.,ANIMAL_CONFIRMED,ANIMAL_SCARED,-,-
133,RESPONSE,RESOLUTION,Stay Still and Observe the Animal,Avoid sudden movement and watch the animal's behavior.,You avoid sudden movement and watch the animal's behavior.,ANIMAL_CONFIRMED,ANIMAL_OBSERVED,-,-
134,RESPONSE,RESOLUTION,Offer Food Away from Camp,Place food away from the cargo to draw the animal away.,You place food away from the cargo to draw the animal away.,ANIMAL_CONFIRMED,ANIMAL_FED,-,FOOD_1_LOSS
135,RESPONSE,RESOLUTION,Retreat from the Animal,Slowly give the animal space and move back toward safer ground.,You slowly give the animal space and move back toward safer ground.,ANIMAL_CONFIRMED,ANIMAL_AVOIDED,-,-
136,RESPONSE,RESOLUTION,Protect the Cargo from the Animal,Position yourself between the animal and your supplies.,You position yourself between the animal and your supplies.,"ANIMAL_CONFIRMED, CARGO_PRESENT",ANIMAL_CARGO_DEFENDED,-,-
137,RESPONSE,RESOLUTION,Follow the Animal Tracks,Follow the trail a short distance to learn where the animal went.,You follow the trail a short distance to learn where the animal went.,ANIMAL_TRACKS,ANIMAL_TRACKS_FOLLOWED,-,-
138,RESPONSE,RESOLUTION,Approach the Injured Animal,Move closer carefully to see whether the animal can be helped.,You move closer carefully to see whether the animal can be helped.,INJURED_ANIMAL,INJURED_ANIMAL_APPROACHED,-,-
139,RESPONSE,RESOLUTION,Leave the Injured Animal Alone,Decide not to risk approaching and return toward camp.,You decide not to risk approaching and return toward camp.,INJURED_ANIMAL,INJURED_ANIMAL_LEFT,-,-
140,RESPONSE,RESOLUTION,Use the Fire to Keep the Animal Back,Strengthen the fire and use the flames to discourage the animal from approaching.,You strengthen the fire and use the flames to discourage the animal from approaching.,"CAMP, LARGE_ANIMAL",ANIMAL_HELD_BY_FIRE,-,-
141,RESPONSE,RESOLUTION,Chase the Animal from the Cargo,Rush toward the bags and force the animal away from the supplies.,You rush toward the bags and force the animal away from the supplies.,ANIMAL_IN_CARGO,"ANIMAL_SCARED, CARGO_DEFENDED",-,-
142,RESPONSE,RESOLUTION,Wait for the Retreating Animal to Leave,Remain alert and watch until the retreating animal is farther from camp.,You remain alert and watch until the retreating animal is farther from camp.,ANIMAL_RETREATING,ANIMAL_RETREAT_CONFIRMED,-,-
143,RESPONSE,RESOLUTION,Restore the Fire from the Embers,Feed the remaining heat with dry tinder until the flames return.,You feed the remaining heat with dry tinder until the flames return.,EMBERS_USABLE,FIRE_RESTORED,-,-
144,RESPONSE,RESOLUTION,Use Reserved Dry Fuel,Use protected dry fuel from your supplies to rebuild the fire.,You use protected dry fuel from your supplies to rebuild the fire.,FIREWOOD_WET,FIRE_RESTORED,-,-
145,RESPONSE,RESOLUTION,Give Up on the Fire,Decide not to waste more fuel and prepare to rest without the campfire.,You decide not to waste more fuel and prepare to rest without the campfire.,FIREWOOD_WET,FIRE_ABANDONED,-,-
146,RESPONSE,RESOLUTION,Repair the Shelter Rope,Replace the failed rope and pull the shelter back into position.,You replace the failed rope and pull the shelter back into position.,SHELTER_DAMAGED,SHELTER_REPAIRED,-,-
147,RESPONSE,RESOLUTION,Cover the Exposed Cargo,Move quickly to protect the goods from further rain.,You move quickly to protect the goods from further rain.,CARGO_WET_RISK,CARGO_RAIN_SECURED,-,-
148,RESPONSE,RESOLUTION,Move the Camp to Higher Ground,Relocate the essential parts of camp before the water rises farther.,You relocate the essential parts of camp before the water rises farther.,FLOODING_RISK,CAMP_MOVED_HIGHER,-,-
149,RESPONSE,RESOLUTION,Break Camp Before Flooding Worsens,Decide the campsite is no longer safe and begin packing immediately.,You decide the campsite is no longer safe and begin packing immediately.,FLOODING_RISK,CAMP_ABANDONED,-,-
150,RESPONSE,RESOLUTION,Wait for the Storm to Ease,Remain under cover and avoid unnecessary movement while the storm weakens.,You remain under cover and avoid unnecessary movement while the storm weakens.,STORM_ACTIVE,STORM_WAITED_OUT,-,-
151,RESPONSE,RESOLUTION,Patch the Torn Cargo Cover,Temporarily patch the tear to keep the rain away from the goods.,You temporarily patch the tear to keep the rain away from the goods.,CARGO_COVER_TORN,CARGO_COVER_REPAIRED,-,-
152,RESPONSE,RESOLUTION,Trust the Reinforced Shelter,Decide the shelter is stable enough and return to rest beneath it.,You decide the shelter is stable enough and return to rest beneath it.,SHELTER_STABLE,SHELTER_TRUSTED,-,-
153,RESPONSE,RESOLUTION,Return to Rest After Finding Nothing,Decide that further searching is unlikely to help and return to the fire.,You decide that further searching is unlikely to help and return to the fire.,NO_SOURCE_FOUND,MYSTERY_ABANDONED,-,-
154,RESPONSE,RESOLUTION,Wait for the Disturbance to Return,Remain awake for a while longer to see whether anything happens again.,You remain awake for a while longer to see whether anything happens again.,NO_SOURCE_FOUND,MYSTERY_WAITED,-,-
155,RESPONSE,RESOLUTION,Follow the Trail of Broken Branches,Follow the rough trail into the darkness for a short distance.,You follow the rough trail into the darkness for a short distance.,TRAIL_FOUND,UNKNOWN_TRAIL_FOLLOWED,-,-
156,RESPONSE,RESOLUTION,Search for the Owner of the Abandoned Pack,Search the nearby area for whoever left the pack behind.,You search the nearby area for whoever left the pack behind.,ABANDONED_BELONGINGS,PACK_OWNER_SEARCHED,-,-
157,RESOLUTION,END,Traveller Recovers Enough to Leave,Stay with the traveller until the situation is settled.,Your help is enough for the traveller to recover and continue toward the road.,TRAVELLER_HELPED,-,-,-
158,RESOLUTION,END,Traveller Cannot Continue,Stay with the wounded traveller a little longer and see whether they can continue.,The traveller is too weak to continue and remains near the fire until morning.,TRAVELLER_HELPED,-,-,-
159,RESOLUTION,END,Traveller Shares Useful Information,Ask one final question before ending the conversation.,Your questions reveal useful information about danger on the nearby road.,TRAVELLER_QUESTIONED,-,-,MARKET_TIP
160,RESOLUTION,END,Traveller Gives a Vague Story,Keep questioning the traveller until you are satisfied with the answer.,"The traveller answers your questions, but their story leaves you unconvinced.",TRAVELLER_QUESTIONED,-,-,-
161,RESOLUTION,END,Traveller Rests Beside the Fire,Let the traveller remain by the fire a little longer.,The traveller spends a quiet while beside your fire before continuing their journey.,TRAVELLER_INVITED,-,-,-
162,RESOLUTION,END,Traveller Leaves Peacefully,Watch the traveller leave before returning to rest.,The traveller accepts your refusal and disappears back into the night.,TRAVELLER_SENT_AWAY,-,-,-
163,RESOLUTION,END,Merchant Finds the Road,Make sure the merchant understands the route.,"With your directions, the merchant returns to the road and continues toward safety.",MERCHANT_DIRECTED,-,-,MARKET_TIP
164,RESOLUTION,END,Suspicious Stranger Explains Themselves,Press the stranger for one final answer.,"After being questioned, the stranger gives a believable explanation and moves on.",STRANGER_QUESTIONED,-,-,-
165,RESOLUTION,END,Suspicious Stranger Refuses to Answer,Hold your ground and give the suspicious stranger one last chance to answer.,The stranger refuses to explain themselves and slowly retreats into the darkness.,STRANGER_QUESTIONED,-,-,-
166,RESOLUTION,END,Stranger Heeds Your Warning,Hold your warning and watch how the stranger responds.,The stranger decides not to approach further and leaves the area.,STRANGER_WARNED,-,-,-
167,RESOLUTION,END,Armed Stranger Backs Away,Stand your ground and finish the confrontation.,The armed stranger decides the confrontation is not worth the risk and withdraws.,ARMED_CONFRONTATION,-,-,DANGER_AVOIDED
168,RESOLUTION,END,Armed Confrontation Turns Violent,Refuse to back away and defend yourself as the armed stranger closes in.,"The stranger attacks, forcing a dangerous struggle before the threat finally ends.",ARMED_CONFRONTATION,-,-,HP_MINOR_LOSS
169,RESOLUTION,END,The Strangers Reveal Their Intentions,Keep observing until their intentions are clear.,"By watching from concealment, you learn why the strangers were lingering near camp.",STRANGERS_OBSERVED,-,-,-
170,RESOLUTION,END,The Cry Leads to an Injured Traveller,Continue carefully toward the source of distress.,You find the person in distress and bring them back toward the safety of the fire.,DISTRESS_APPROACHED,-,-,-
171,RESOLUTION,END,The Cry Was a Trap,"Approach the cry carefully, ready to pull back if something feels wrong.","The call for help leads you toward people waiting in ambush, forcing you to retreat.",DISTRESS_APPROACHED,-,-,HP_MINOR_LOSS
172,RESOLUTION,END,The Belongings Identify Their Owner,Finish checking the abandoned belongings.,Clues inside the belongings reveal who carried them and where they may have gone.,BELONGINGS_SEARCHED,-,-,-
173,RESOLUTION,END,The Human Tracks Lead to a Traveller,Follow the tracks a little farther.,The footprints lead to a lone traveller resting a short distance from your camp.,HUMAN_TRACKS_FOLLOWED,-,-,-
174,RESOLUTION,END,The Human Tracks Lead Away,Follow the human tracks only far enough to confirm where they lead.,The footprints continue toward the road until you decide not to follow farther.,HUMAN_TRACKS_FOLLOWED,-,-,-
175,RESOLUTION,END,The Blood Leads to an Injured Traveller,Continue along the blood trail.,The trail ends at an injured traveller hiding nearby.,BLOOD_TRAIL_FOLLOWED,-,-,-
176,RESOLUTION,END,The Blood Leads to an Injured Animal,Follow the blood trail until you can identify what is injured.,The trail ends at a wounded animal resting beneath cover.,BLOOD_TRAIL_FOLLOWED,-,-,-
177,RESOLUTION,END,The Hidden Person Flees,Keep the hidden person in sight and demand an answer.,The figure runs before answering and disappears into the darkness.,HIDDEN_PERSON_CONFRONTED,-,-,-
178,RESOLUTION,END,The Hidden Person Steps Forward,Hold your position and give them a chance to respond.,The person reveals themselves and finally explains why they were watching the camp.,HIDDEN_PERSON_CONFRONTED,-,-,-
179,RESOLUTION,END,The Stranger Refuses to Explain Your Name,Demand one last explanation.,The stranger refuses to explain how they know you and leaves before you can stop them.,NAME_MYSTERY_CHALLENGED,-,-,-
180,RESOLUTION,END,No One Answers the Second Call,Wait for a final response to your call.,"Your second call receives no response. After several quiet minutes, you return to rest.",SECOND_CALL,-,-,-
181,RESOLUTION,END,Someone Finally Reveals Themselves,Hold your position and give them a chance to respond.,A nervous stranger steps from hiding after your second call and explains the disturbance.,SECOND_CALL,-,-,-
182,RESOLUTION,END,The Returned Signal Leads to a Traveller,Follow the returned signal to its source.,Following the signal brings you to a traveller trying to find the road.,LIGHT_SIGNAL_FOLLOWED,-,-,-
183,RESOLUTION,END,The Lantern Trail Goes Cold,Search a little farther beyond the lantern.,You find no trace of the lantern's owner and eventually return to camp.,LANTERN_TRAIL_SEARCHED,-,-,-
184,RESOLUTION,END,The Vanished Light Is Never Found,Check the place where the light disappeared.,You search where the light disappeared but find nothing that explains what you saw.,VANISHED_LIGHT_FOLLOWED,-,-,-
185,RESOLUTION,END,Thief Drops the Goods and Flees,Keep the thief from slipping past you.,"Blocked from escaping cleanly, the thief drops what they took and runs.",THIEF_BLOCKED,-,-,DANGER_AVOIDED
186,RESOLUTION,END,Thief Fights to Escape,Keep the thief blocked even as they try to force their way past you.,The trapped thief lashes out before finally escaping into the darkness.,THIEF_BLOCKED,-,-,HP_MINOR_LOSS
187,RESOLUTION,END,You Catch Up with the Thief,Push the chase for a little longer.,You catch the thief before they disappear and recover what they were carrying.,THIEF_CHASED,-,-,-
188,RESOLUTION,END,The Thief Escapes the Chase,Continue the attempt a little longer before deciding whether to stop.,The thief is faster in the darkness and disappears with the stolen goods.,THIEF_CHASED,-,-,CARGO_SMALL_LOSS
189,RESOLUTION,END,Thief Returns the Goods,Hold your demand and wait for the thief's answer.,"Faced directly, the thief gives back what they took and retreats.",THIEF_CONFRONTED,-,-,-
190,RESOLUTION,END,Thief Refuses and Runs,Keep demanding the stolen goods back as the thief looks for a way out.,The thief ignores your demand and bolts into the darkness.,THIEF_CONFRONTED,-,-,CARGO_SMALL_LOSS
191,RESOLUTION,END,The Thief Escapes Unchallenged,Let the thief go and return your attention to camp.,You let the thief go and the footsteps quickly fade into the night.,THIEF_ALLOWED_ESCAPE,-,-,CARGO_SMALL_LOSS
192,RESOLUTION,END,Most Missing Goods Are Found,Finish searching the area for the missing cargo.,You recover most of the missing items scattered or hidden around the camp.,MISSING_GOODS_SEARCHED,-,-,-
193,RESOLUTION,END,The Missing Goods Are Gone,Search the area one final time before accepting that the cargo is gone.,Your search finds no trace of the lost cargo.,MISSING_GOODS_SEARCHED,-,-,CARGO_SMALL_LOSS
194,RESOLUTION,END,The Damaged Cargo Is Secured,Check the repair before leaving the cargo.,Your repair prevents any further loss from the damaged bag.,CARGO_REPAIRED,-,-,-
195,RESOLUTION,END,The Cargo Is Safe Again,Inspect the secured cargo one last time.,All loose goods are secured and the camp becomes quiet again.,CARGO_FULLY_SECURED,-,-,-
196,RESOLUTION,END,The Cargo Intruder Returns,Keep waiting for the intruder to return.,Your patience pays off when the intruder approaches the supplies again and reveals themselves.,CARGO_AMBUSH_WAIT,-,-,-
197,RESOLUTION,END,The Intruder Never Returns,Stay beside the cargo a little longer before returning to rest.,"You wait beside the cargo, but nothing else approaches before morning.",CARGO_AMBUSH_WAIT,-,-,DANGER_AVOIDED
198,RESOLUTION,END,The Cargo Watcher Withdraws,Keep the watcher at a distance until they leave.,"Once confronted, the stranger backs away from your supplies and leaves.",CARGO_WATCHER_CONFRONTED,-,-,DANGER_AVOIDED
199,RESOLUTION,END,Animal Flees from the Noise,Keep making noise from a safe distance and give the animal room to retreat.,The animal recoils at the noise and disappears into the darkness.,ANIMAL_SCARED,-,-,DANGER_AVOIDED
200,RESOLUTION,END,Large Animal Charges,Advance more aggressively and try to force the large animal away.,"Instead of fleeing, the large animal reacts aggressively and charges before eventually retreating.","ANIMAL_SCARED, LARGE_ANIMAL",-,-,HP_MINOR_LOSS
201,RESOLUTION,END,Animal Loses Interest,Wait and see what the animal does next.,"After watching the camp for a while, the animal turns and leaves on its own.",ANIMAL_OBSERVED,-,-,DANGER_AVOIDED
202,RESOLUTION,END,Animal Takes the Food and Leaves,Stay back and let the animal approach the food.,The animal takes the offered food and moves away from the camp.,ANIMAL_FED,-,-,DANGER_AVOIDED
203,RESOLUTION,END,Animal Keeps Its Distance,Keep your distance until the animal moves on.,"Your retreat gives the animal enough space, and it does not follow you back to camp.",ANIMAL_AVOIDED,-,-,DANGER_AVOIDED
204,RESOLUTION,END,Cargo Is Protected from the Animal,Hold the animal away from the cargo.,The animal gives up on the supplies and eventually leaves.,ANIMAL_CARGO_DEFENDED,-,-,DANGER_AVOIDED
205,RESOLUTION,END,The Animal Tracks Lead to a Den,Follow the animal tracks a little farther.,"The trail leads to a shallow den, and you decide not to disturb it.",ANIMAL_TRACKS_FOLLOWED,-,-,-
206,RESOLUTION,END,The Animal Trail Goes Too Far,Follow the animal tracks until the trail becomes too risky to continue.,The tracks continue away from camp until you turn back rather than risk getting lost.,ANIMAL_TRACKS_FOLLOWED,-,-,-
207,RESOLUTION,END,The Injured Animal Allows You Close,Approach one final step and assess the animal.,The animal remains calm long enough for you to inspect its injury before it moves away.,INJURED_ANIMAL_APPROACHED,-,-,-
208,RESOLUTION,END,The Injured Animal Reacts Aggressively,Stay close enough to help the injured animal despite its warning signs.,"The frightened animal lashes out when you approach, forcing you to retreat.",INJURED_ANIMAL_APPROACHED,-,-,HP_MINOR_LOSS
209,RESOLUTION,END,The Injured Animal Is Left Undisturbed,Leave the animal undisturbed and return to camp.,You leave the wounded animal alone and return safely to camp.,INJURED_ANIMAL_LEFT,-,-,-
210,RESOLUTION,END,The Fire Keeps the Animal Back,Keep the flames between you and the animal.,The stronger flames keep the large animal outside the camp until it eventually leaves.,ANIMAL_HELD_BY_FIRE,-,-,-
211,RESOLUTION,END,The Animal Leaves the Cargo Area,Stand between the animal and the cargo until it leaves the supplies.,"Driven away from the supplies, the animal disappears into the darkness.",CARGO_DEFENDED,-,-,DANGER_AVOIDED
212,RESOLUTION,END,The Retreating Animal Disappears,Wait until the animal is fully gone.,You watch until the animal is well beyond the camp and the night becomes quiet again.,ANIMAL_RETREAT_CONFIRMED,-,-,DANGER_AVOIDED
213,RESOLUTION,END,The Fire Burns Again,Tend the fire until it is stable again.,The flames return and the camp becomes warm and visible again.,FIRE_RESTORED,-,-,-
214,RESOLUTION,END,You Spend the Night Without a Fire,Settle in without the fire and continue resting.,"You give up on the soaked fuel and settle in for a colder, darker rest.",FIRE_ABANDONED,-,-,TIME_1H_LOSS
215,RESOLUTION,END,The Shelter Holds,Check the repaired shelter against the storm.,Your repair stabilizes the shelter enough to withstand the remaining storm.,SHELTER_REPAIRED,-,-,-
216,RESOLUTION,END,The Cargo Stays Dry,Make sure the protected cargo will stay dry.,Your quick work protects the goods before the rain can cause serious damage.,CARGO_RAIN_SECURED,-,-,-
217,RESOLUTION,END,The New Campsite Is Safer,Finish moving the camp to safer ground.,Higher ground keeps the rising water away and you resume resting.,CAMP_MOVED_HIGHER,-,-,-
218,RESOLUTION,END,You Leave Before the Flood,Leave the camp before the flooding worsens.,You pack quickly and abandon the campsite before the water traps you.,CAMP_ABANDONED,-,-,-
219,RESOLUTION,END,The Storm Finally Weakens,Stay sheltered and wait for the storm to pass.,"After a long wait, the worst of the wind and rain passes.",STORM_WAITED_OUT,-,-,-
220,RESOLUTION,END,The Patched Cover Holds,Secure the repaired cargo cover.,The temporary patch keeps most of the rain away from your cargo.,CARGO_COVER_REPAIRED,-,-,-
221,RESOLUTION,END,The Reinforced Shelter Survives the Night,Remain under the shelter and trust the repair.,The shelter remains stable and protects you until the storm eases.,SHELTER_TRUSTED,-,-,-
222,RESOLUTION,END,The Mystery Is Left Unresolved,Stop searching and return to the fire.,You find no explanation for the disturbance and eventually return to rest.,MYSTERY_ABANDONED,-,-,-
223,RESOLUTION,END,The Disturbance Never Returns,Wait a little longer before giving up.,"You wait, but the strange sound or movement never happens again.",MYSTERY_WAITED,-,-,-
224,RESOLUTION,END,The Broken Trail Ends Suddenly,Follow the broken trail a little farther.,The trail disappears on harder ground and leaves no clue about what made it.,UNKNOWN_TRAIL_FOLLOWED,-,-,-
225,RESOLUTION,END,The Trail Leads to an Old Campsite,Follow the broken trail until you can identify where it ends.,The broken branches lead to the remains of a recently abandoned campsite.,UNKNOWN_TRAIL_FOLLOWED,-,-,RESOURCE_SMALL_GAIN
226,RESOLUTION,END,No Owner Is Found,Search nearby for the owner of the belongings.,You search the nearby area but find no one connected to the abandoned pack.,PACK_OWNER_SEARCHED,-,-,-
227,RESOLUTION,END,The Pack's Owner Returns,Wait near the abandoned pack long enough to see whether its owner returns.,A nervous traveller appears while you are searching and claims the abandoned pack.,PACK_OWNER_SEARCHED,-,-,COINS_SMALL_GAIN
228,RESPONSE,RESOLUTION,Follow the Fleeing Person,Follow the fleeing person for a short distance to learn why they were near your camp.,You follow the fleeing person for a short distance to learn why they were near your camp.,PERSON_FLEEING,FLEEING_PERSON_FOLLOWED,-,-
229,RESPONSE,RESOLUTION,Call to the Nearby Person,Call toward the nearby footsteps and tell the unseen person to identify themselves.,You call toward the nearby footsteps and tell the unseen person to identify themselves.,PERSON_NEARBY,NEARBY_PERSON_CALLED,-,-
230,RESPONSE,RESOLUTION,Respect the Warning,Stop advancing and tell the unseen person that you will keep your distance.,You stop advancing and tell the unseen person that you will keep your distance.,HOSTILE_WARNING,WARNING_RESPECTED,-,-
231,RESPONSE,RESOLUTION,Challenge the Warning,Refuse to back away and demand that the unseen person explain themselves.,You refuse to back away and demand that the unseen person explain themselves.,HOSTILE_WARNING,WARNING_CHALLENGED,-,-
232,RESOLUTION,END,The Fleeing Person Disappears,Keep after the fleeing person a little longer.,"You follow for a short distance, but the person vanishes into the darkness before you can catch them.",FLEEING_PERSON_FOLLOWED,-,-,-
233,RESOLUTION,END,The Fleeing Person Drops a Clue,Check the ground where the fleeing person passed for anything they may have dropped.,"The fleeing person escapes, but you find something they dropped while running.",FLEEING_PERSON_FOLLOWED,-,-,RESOURCE_SMALL_GAIN
234,RESOLUTION,END,A Traveller Answers from the Darkness,Call once more to the nearby person.,The nearby person finally answers and reveals themselves as a nervous traveller.,NEARBY_PERSON_CALLED,-,-,-
235,RESOLUTION,END,The Nearby Person Moves Away,Wait for the nearby person to answer before deciding they have left.,"No answer comes, but the footsteps slowly retreat until the camp is quiet again.",NEARBY_PERSON_CALLED,-,-,-
236,RESOLUTION,END,The Warning Is Honored,Keep your distance and wait for the warning to pass.,"You keep your distance, and after several tense minutes the unseen person leaves the area.",WARNING_RESPECTED,-,-,DANGER_AVOIDED
237,RESOLUTION,END,The Stranger Reveals Themselves,Stand by your challenge and wait for a response.,"After your challenge, the person steps into view and the tense uncertainty finally ends.",WARNING_CHALLENGED,-,-,-
238,RESOLUTION,END,The Challenge Provokes an Attack,Hold your ground after challenging the warning instead of backing away.,Your refusal to back down turns the warning into a violent confrontation before the threat ends.,WARNING_CHALLENGED,-,-,HP_MINOR_LOSS
239,RESPONSE,RESOLUTION,Inspect the Human Tracks,"Study the depth, direction, and spacing of the footprints before deciding whether to follow them.","You study the depth, direction, and spacing of the footprints before deciding whether to follow them.",HUMAN_TRACKS,HUMAN_TRACKS_INSPECTED,-,-
240,RESOLUTION,END,Inspect the Human Tracks Reveals a Useful Clue,Examine what you found closely enough to make use of the clue.,Your careful inspection reveals enough information to make sense of the immediate situation before you return to camp.,HUMAN_TRACKS_INSPECTED,-,-,-
241,RESOLUTION,END,Inspect the Human Tracks Remains Inconclusive,"Wait a little longer, then accept that no clearer answer is coming.","You inspect the situation carefully but find nothing decisive. With no further sign of danger, you eventually return to camp.",HUMAN_TRACKS_INSPECTED,-,-,-
242,RESPONSE,RESOLUTION,Return to Camp and Watch the Trail,Decide not to follow immediately and instead return to camp to see whether whoever made the tracks comes back.,You decide not to follow immediately and instead return to camp to see whether whoever made the tracks comes back.,HUMAN_TRACKS,HUMAN_TRACKS_WATCHED,-,-
243,RESOLUTION,END,The Situation Reveals Itself,Keep observing without interfering until the situation becomes clear.,Your patience pays off when the situation changes enough for you to understand what was happening near the camp.,HUMAN_TRACKS_WATCHED,-,-,-
244,RESOLUTION,END,Nothing Else Happens,"Wait a little longer, then accept that no clearer answer is coming.","You wait for several tense minutes, but nothing else happens and the campsite eventually becomes quiet again.",HUMAN_TRACKS_WATCHED,-,-,-
245,RESPONSE,RESOLUTION,Examine the Blood Before Following,Inspect the blood closely to judge how fresh the trail is and whether following it is worth the risk.,You inspect the blood closely to judge how fresh the trail is and whether following it is worth the risk.,BLOOD_TRAIL,BLOOD_EXAMINED,-,-
246,RESOLUTION,END,Examine the Blood Before Following Reveals a Useful Clue,Examine what you found closely enough to make use of the clue.,Your careful inspection reveals enough information to make sense of the immediate situation before you return to camp.,BLOOD_EXAMINED,-,-,-
247,RESOLUTION,END,Examine the Blood Before Following Remains Inconclusive,"Wait a little longer, then accept that no clearer answer is coming.","You inspect the situation carefully but find nothing decisive. With no further sign of danger, you eventually return to camp.",BLOOD_EXAMINED,-,-,-
248,RESPONSE,RESOLUTION,Prepare Before Following the Blood,Return to the fire briefly and prepare yourself before deciding whether to follow the trail farther.,You return to the fire briefly and prepare yourself before deciding whether to follow the trail farther.,BLOOD_TRAIL,BLOOD_FOLLOW_PREPARED,-,-
249,RESOLUTION,END,Your Preparation Pays Off,Stay ready and follow through on the precautions you prepared.,"Being prepared lets you deal with the situation without being caught off guard, and the immediate danger passes.",BLOOD_FOLLOW_PREPARED,-,-,-
250,RESOLUTION,END,The Threat Never Develops,"Remain prepared for a while, then return to rest when nothing happens.","You remain prepared for trouble, but the situation never escalates and the night gradually becomes quiet again.",BLOOD_FOLLOW_PREPARED,-,-,-
251,RESPONSE,RESOLUTION,Inspect the Broken Trail,Study the broken branches and disturbed vegetation to determine what may have passed through.,You study the broken branches and disturbed vegetation to determine what may have passed through.,TRAIL_FOUND,TRAIL_INSPECTED,-,-
252,RESOLUTION,END,Inspect the Broken Trail Reveals a Useful Clue,Examine what you found closely enough to make use of the clue.,Your careful inspection reveals enough information to make sense of the immediate situation before you return to camp.,TRAIL_INSPECTED,-,-,-
253,RESOLUTION,END,Inspect the Broken Trail Remains Inconclusive,"Wait a little longer, then accept that no clearer answer is coming.","You inspect the situation carefully but find nothing decisive. With no further sign of danger, you eventually return to camp.",TRAIL_INSPECTED,-,-,-
254,RESPONSE,RESOLUTION,Mark the Trail and Return to Camp,Memorize the direction of the trail but decide not to leave the campsite in darkness.,You memorize the direction of the trail but decide not to leave the campsite in darkness.,TRAIL_FOUND,TRAIL_MARKED,-,-
255,RESOLUTION,END,You Return Safely to Camp,"Mark the trail, then return directly to the fire.",You avoid pushing the situation farther and return safely to the fire without another disturbance.,TRAIL_MARKED,-,-,-
256,RESOLUTION,END,The Disturbance Follows No Further,Wait briefly at the marked trail to see whether anything follows.,"Whatever caused the situation does not follow you back, and the rest of the camp remains undisturbed.",TRAIL_MARKED,-,-,-
257,RESPONSE,RESOLUTION,Observe the Hidden Figure,Remain still and watch the hidden figure without revealing yourself.,"Instead of confronting the figure immediately, you remain still and watch for another movement.",HIDDEN_PERSON,HIDDEN_PERSON_OBSERVED,-,-
258,RESOLUTION,END,The Situation Reveals Itself,Keep observing without interfering until the situation becomes clear.,Your patience pays off when the situation changes enough for you to understand what was happening near the camp.,HIDDEN_PERSON_OBSERVED,-,-,-
259,RESOLUTION,END,Nothing Else Happens,"Wait a little longer, then accept that no clearer answer is coming.","You wait for several tense minutes, but nothing else happens and the campsite eventually becomes quiet again.",HIDDEN_PERSON_OBSERVED,-,-,-
260,RESPONSE,RESOLUTION,Return to the Fire and Call Out,Step back toward the fire and tell the hidden figure to reveal themselves from a safer distance.,You step back toward the fire and tell the hidden figure to reveal themselves from a safer distance.,HIDDEN_PERSON,HIDDEN_PERSON_CALLED_OUT,-,-
261,RESOLUTION,END,The Source Backs Down,Hold your position without escalating and see whether the other side withdraws.,Your direct approach forces the other party to reveal enough of their intentions before withdrawing from the area.,HIDDEN_PERSON_CALLED_OUT,-,-,-
262,RESOLUTION,END,The Confrontation Escalates,Keep calling out and refuse to retreat when the hidden person reacts badly.,The situation becomes tense and dangerous before the other party finally retreats and the encounter ends.,HIDDEN_PERSON_CALLED_OUT,-,-,HP_MINOR_LOSS
263,RESPONSE,RESOLUTION,Search One More Time,Make one final careful sweep around the camp before accepting that nothing obvious is nearby.,You make one final careful sweep around the camp before accepting that nothing obvious is nearby.,NO_SOURCE_FOUND,AREA_SEARCHED_AGAIN,-,-
264,RESOLUTION,END,Search One More Time Reveals a Useful Clue,Examine what you found closely enough to make use of the clue.,Your careful inspection reveals enough information to make sense of the immediate situation before you return to camp.,AREA_SEARCHED_AGAIN,-,-,-
265,RESOLUTION,END,Search One More Time Remains Inconclusive,"Wait a little longer, then accept that no clearer answer is coming.","You inspect the situation carefully but find nothing decisive. With no further sign of danger, you eventually return to camp.",AREA_SEARCHED_AGAIN,-,-,-
266,RESPONSE,RESOLUTION,Guard the Cargo and Wait,Position yourself beside the supplies and wait for whatever moved near them to return.,You position yourself beside the supplies and wait for whatever moved near them to return.,CARGO_INTRUSION_POSSIBLE,CARGO_GUARD_WAIT,-,-
267,RESOLUTION,END,The Situation Reveals Itself,Keep observing without interfering until the situation becomes clear.,Your patience pays off when the situation changes enough for you to understand what was happening near the camp.,CARGO_GUARD_WAIT,-,-,-
268,RESOLUTION,END,Nothing Else Happens,"Wait a little longer, then accept that no clearer answer is coming.","You wait for several tense minutes, but nothing else happens and the campsite eventually becomes quiet again.",CARGO_GUARD_WAIT,-,-,-
269,RESPONSE,RESOLUTION,Check Where the Movement Stopped,Inspect the last place where you heard movement for tracks or anything left behind.,You inspect the last place where you heard movement for tracks or anything left behind.,SOURCE_FLED_POSSIBLE,MOVEMENT_STOP_AREA_CHECKED,-,-
270,RESOLUTION,END,Check Where the Movement Stopped Reveals a Useful Clue,Examine what you found closely enough to make use of the clue.,Your careful inspection reveals enough information to make sense of the immediate situation before you return to camp.,MOVEMENT_STOP_AREA_CHECKED,-,-,-
271,RESOLUTION,END,Check Where the Movement Stopped Remains Inconclusive,"Wait a little longer, then accept that no clearer answer is coming.","You inspect the situation carefully but find nothing decisive. With no further sign of danger, you eventually return to camp.",MOVEMENT_STOP_AREA_CHECKED,-,-,-
272,RESPONSE,RESOLUTION,Return to Camp Instead of Chasing,Decide not to pursue an unknown person through the darkness and return to secure the camp.,You decide not to pursue an unknown person through the darkness and return to secure the camp.,PERSON_FLEEING,FLEEING_PERSON_ABANDONED,-,-
273,RESOLUTION,END,You Return Safely to Camp,Break off the pursuit and return directly to camp.,You avoid pushing the situation farther and return safely to the fire without another disturbance.,FLEEING_PERSON_ABANDONED,-,-,-
274,RESOLUTION,END,The Disturbance Follows No Further,"Stop chasing, but wait to see whether the person circles back.","Whatever caused the situation does not follow you back, and the rest of the camp remains undisturbed.",FLEEING_PERSON_ABANDONED,-,-,-
275,RESPONSE,RESOLUTION,Call After the Fleeing Person,Shout after the fleeing person and demand that they stop or explain why they were near your camp.,You shout after the fleeing person and demand that they stop or explain why they were near your camp.,PERSON_FLEEING,FLEEING_PERSON_CALLED,-,-
276,RESOLUTION,END,The Source Backs Down,Hold your position without escalating and see whether the other side withdraws.,Your direct approach forces the other party to reveal enough of their intentions before withdrawing from the area.,FLEEING_PERSON_CALLED,-,-,-
277,RESOLUTION,END,The Confrontation Escalates,Keep pressing the fleeing person for an answer instead of letting them go.,The situation becomes tense and dangerous before the other party finally retreats and the encounter ends.,FLEEING_PERSON_CALLED,-,-,HP_MINOR_LOSS
278,RESPONSE,RESOLUTION,Wait for the Nearby Person to Move,"Stay silent and wait to hear whether the unseen person approaches, retreats, or reveals themselves.","You stay silent and wait to hear whether the unseen person approaches, retreats, or reveals themselves.",PERSON_NEARBY,NEARBY_PERSON_OBSERVED,-,-
279,RESOLUTION,END,The Situation Reveals Itself,Keep observing without interfering until the situation becomes clear.,Your patience pays off when the situation changes enough for you to understand what was happening near the camp.,NEARBY_PERSON_OBSERVED,-,-,-
280,RESOLUTION,END,Nothing Else Happens,"Wait a little longer, then accept that no clearer answer is coming.","You wait for several tense minutes, but nothing else happens and the campsite eventually becomes quiet again.",NEARBY_PERSON_OBSERVED,-,-,-
281,RESPONSE,RESOLUTION,Return to the Fire and Prepare,Move back toward the fire and prepare yourself before dealing with the nearby stranger.,You move back toward the fire and prepare yourself before dealing with the nearby stranger.,PERSON_NEARBY,NEARBY_PERSON_DEFENSE_PREPARED,-,-
282,RESOLUTION,END,Your Preparation Pays Off,Stay ready and follow through on the precautions you prepared.,"Being prepared lets you deal with the situation without being caught off guard, and the immediate danger passes.",NEARBY_PERSON_DEFENSE_PREPARED,-,-,-
283,RESOLUTION,END,The Threat Never Develops,"Remain prepared for a while, then return to rest when nothing happens.","You remain prepared for trouble, but the situation never escalates and the night gradually becomes quiet again.",NEARBY_PERSON_DEFENSE_PREPARED,-,-,-
284,RESPONSE,RESOLUTION,Call Out to the Group,Reveal that you are awake and tell the people outside the camp to identify themselves.,You reveal that you are awake and tell the people outside the camp to identify themselves.,MULTIPLE_PEOPLE,GROUP_CALLED_OUT,-,-
285,RESOLUTION,END,The Source Backs Down,Hold your position without escalating and see whether the other side withdraws.,Your direct approach forces the other party to reveal enough of their intentions before withdrawing from the area.,GROUP_CALLED_OUT,-,-,-
286,RESOLUTION,END,The Confrontation Escalates,Keep challenging the group after calling them out.,The situation becomes tense and dangerous before the other party finally retreats and the encounter ends.,GROUP_CALLED_OUT,-,-,HP_MINOR_LOSS
287,RESPONSE,RESOLUTION,Return to the Fire and Stay Defensive,"Stop listening and move back to the fire, keeping your distance from the group.","You stop listening and move back to the fire, keeping your distance from the group.",MULTIPLE_PEOPLE,GROUP_DEFENSE_PREPARED,-,-
288,RESOLUTION,END,Your Preparation Pays Off,Stay ready and follow through on the precautions you prepared.,"Being prepared lets you deal with the situation without being caught off guard, and the immediate danger passes.",GROUP_DEFENSE_PREPARED,-,-,-
289,RESOLUTION,END,The Threat Never Develops,"Remain prepared for a while, then return to rest when nothing happens.","You remain prepared for trouble, but the situation never escalates and the night gradually becomes quiet again.",GROUP_DEFENSE_PREPARED,-,-,-
290,RESPONSE,RESOLUTION,Inspect the Cargo Area,Carefully inspect the bags and ground around the cargo for signs of an intruder.,You carefully inspect the bags and ground around the cargo for signs of an intruder.,CARGO_INTRUSION_POSSIBLE,CARGO_AREA_INSPECTED,-,-
291,RESOLUTION,END,Inspect the Cargo Area Reveals a Useful Clue,Examine what you found closely enough to make use of the clue.,Your careful inspection reveals enough information to make sense of the immediate situation before you return to camp.,CARGO_AREA_INSPECTED,-,-,-
292,RESOLUTION,END,Inspect the Cargo Area Remains Inconclusive,"Wait a little longer, then accept that no clearer answer is coming.","You inspect the situation carefully but find nothing decisive. With no further sign of danger, you eventually return to camp.",CARGO_AREA_INSPECTED,-,-,-
293,RESPONSE,RESOLUTION,Observe from a Distance,Respect the distance for now but keep watching the area to learn who issued the warning.,You respect the distance for now but keep watching the area to learn who issued the warning.,HOSTILE_WARNING,HOSTILE_SOURCE_OBSERVED,-,-
294,RESOLUTION,END,The Situation Reveals Itself,Keep observing without interfering until the situation becomes clear.,Your patience pays off when the situation changes enough for you to understand what was happening near the camp.,HOSTILE_SOURCE_OBSERVED,-,-,-
295,RESOLUTION,END,Nothing Else Happens,"Wait a little longer, then accept that no clearer answer is coming.","You wait for several tense minutes, but nothing else happens and the campsite eventually becomes quiet again.",HOSTILE_SOURCE_OBSERVED,-,-,-
296,RESPONSE,RESOLUTION,Stop Calling and Observe,Stop making noise and watch the darkness to see whether the unseen presence reacts.,You stop making noise and watch the darkness to see whether the unseen presence reacts.,NO_ANSWER,NO_ANSWER_OBSERVED,-,-
297,RESOLUTION,END,The Situation Reveals Itself,Keep observing without interfering until the situation becomes clear.,Your patience pays off when the situation changes enough for you to understand what was happening near the camp.,NO_ANSWER_OBSERVED,-,-,-
298,RESOLUTION,END,Nothing Else Happens,"Wait a little longer, then accept that no clearer answer is coming.","You wait for several tense minutes, but nothing else happens and the campsite eventually becomes quiet again.",NO_ANSWER_OBSERVED,-,-,-
299,RESPONSE,RESOLUTION,Return to the Fire,Decide not to pursue an unseen presence that refuses to answer and move back toward the fire.,You decide not to pursue an unseen presence that refuses to answer and move back toward the fire.,NO_ANSWER,NO_ANSWER_ABANDONED,-,-
300,RESOLUTION,END,You Return Safely to Camp,Stop calling and return directly to the fire.,You avoid pushing the situation farther and return safely to the fire without another disturbance.,NO_ANSWER_ABANDONED,-,-,-
301,RESOLUTION,END,The Disturbance Follows No Further,"Stop calling, but keep watch a little longer before resting.","Whatever caused the situation does not follow you back, and the rest of the camp remains undisturbed.",NO_ANSWER_ABANDONED,-,-,-
302,RESPONSE,RESOLUTION,Demand an Explanation,Firmly demand that the stranger explain how they know your name before you allow them closer.,You firmly demand that the stranger explain how they know your name before you allow them closer.,STRANGER_KNOWS_NAME,NAME_KNOWLEDGE_DEMANDED,-,-
303,RESOLUTION,END,The Source Backs Down,Hold your position without escalating and see whether the other side withdraws.,Your direct approach forces the other party to reveal enough of their intentions before withdrawing from the area.,NAME_KNOWLEDGE_DEMANDED,-,-,-
304,RESOLUTION,END,The Confrontation Escalates,Demand the explanation again even as the stranger becomes hostile.,The situation becomes tense and dangerous before the other party finally retreats and the encounter ends.,NAME_KNOWLEDGE_DEMANDED,-,-,HP_MINOR_LOSS
305,RESPONSE,RESOLUTION,Refuse to Engage,Refuse to answer the stranger and retreat toward the safety of the fire.,You refuse to answer the stranger and retreat toward the safety of the fire.,STRANGER_KNOWS_NAME,STRANGER_IGNORED,-,-
306,RESOLUTION,END,You Return Safely to Camp,Refuse to engage and turn back toward camp.,You avoid pushing the situation farther and return safely to the fire without another disturbance.,STRANGER_IGNORED,-,-,-
307,RESOLUTION,END,The Disturbance Follows No Further,Keep the stranger in sight while slowly withdrawing.,"Whatever caused the situation does not follow you back, and the rest of the camp remains undisturbed.",STRANGER_IGNORED,-,-,-
308,RESPONSE,RESOLUTION,Observe the Stranger Before Speaking,Remain at a distance and watch the stranger's movements before deciding whether to engage.,You remain at a distance and watch the stranger's movements before deciding whether to engage.,SUSPICIOUS_STRANGER,SUSPICIOUS_STRANGER_OBSERVED,-,-
309,RESOLUTION,END,The Situation Reveals Itself,Keep observing without interfering until the situation becomes clear.,Your patience pays off when the situation changes enough for you to understand what was happening near the camp.,SUSPICIOUS_STRANGER_OBSERVED,-,-,-
310,RESOLUTION,END,Nothing Else Happens,"Wait a little longer, then accept that no clearer answer is coming.","You wait for several tense minutes, but nothing else happens and the campsite eventually becomes quiet again.",SUSPICIOUS_STRANGER_OBSERVED,-,-,-
311,RESPONSE,RESOLUTION,Leave the Belongings Untouched,Decide the abandoned items may be bait and leave them where they are.,You decide the abandoned items may be bait and leave them where they are.,ABANDONED_BELONGINGS,BELONGINGS_LEFT_UNTOUCHED,-,-
312,RESOLUTION,END,You Return Safely to Camp,Leave the belongings untouched and return to camp.,You avoid pushing the situation farther and return safely to the fire without another disturbance.,BELONGINGS_LEFT_UNTOUCHED,-,-,-
313,RESOLUTION,END,The Disturbance Follows No Further,"Leave the belongings untouched, but wait nearby for a moment.","Whatever caused the situation does not follow you back, and the rest of the camp remains undisturbed.",BELONGINGS_LEFT_UNTOUCHED,-,-,-
314,RESPONSE,RESOLUTION,Call for the Person to Come to You,Call for the distressed person to come closer while you remain near the fire.,"Rather than rushing into the darkness, you tell the injured or frightened person to move toward the fire if they can.",DISTRESS_CONFIRMED,DISTRESS_CALLED_CLOSER,-,-
315,RESOLUTION,END,The Situation Reveals Itself,Keep observing without interfering until the situation becomes clear.,Your patience pays off when the situation changes enough for you to understand what was happening near the camp.,DISTRESS_CALLED_CLOSER,-,-,-
316,RESOLUTION,END,Nothing Else Happens,"Wait a little longer, then accept that no clearer answer is coming.","You wait for several tense minutes, but nothing else happens and the campsite eventually becomes quiet again.",DISTRESS_CALLED_CLOSER,-,-,-
317,RESPONSE,RESOLUTION,Prepare to Defend Yourself Before Approaching,Prepare for the possibility that the call for help is a trap before moving closer.,You prepare for the possibility that the call for help is a trap before moving closer.,DISTRESS_CONFIRMED,DISTRESS_APPROACH_PREPARED,-,-
318,RESOLUTION,END,Your Preparation Pays Off,Stay ready and follow through on the precautions you prepared.,"Being prepared lets you deal with the situation without being caught off guard, and the immediate danger passes.",DISTRESS_APPROACH_PREPARED,-,-,-
319,RESOLUTION,END,The Threat Never Develops,"Remain prepared for a while, then return to rest when nothing happens.","You remain prepared for trouble, but the situation never escalates and the night gradually becomes quiet again.",DISTRESS_APPROACH_PREPARED,-,-,-
320,RESPONSE,RESOLUTION,Back Away Without Provoking Them,Keep your hands visible and slowly retreat toward the fire rather than challenge the armed stranger.,You keep your hands visible and slowly retreat toward the fire rather than challenge the armed stranger.,ARMED_STRANGER,ARMED_STRANGER_AVOIDED,-,-
321,RESOLUTION,END,You Return Safely to Camp,Back away from the armed stranger and return to camp.,You avoid pushing the situation farther and return safely to the fire without another disturbance.,ARMED_STRANGER_AVOIDED,-,-,-
322,RESOLUTION,END,The Disturbance Follows No Further,Keep your distance and wait to see whether the armed stranger leaves.,"Whatever caused the situation does not follow you back, and the rest of the camp remains undisturbed.",ARMED_STRANGER_AVOIDED,-,-,-
323,RESPONSE,RESOLUTION,Observe the Armed Stranger,Hold your ground without advancing and watch for signs of hostile intent.,You hold your ground without advancing and watch for signs of hostile intent.,ARMED_STRANGER,ARMED_STRANGER_OBSERVED,-,-
324,RESOLUTION,END,The Situation Reveals Itself,Keep observing without interfering until the situation becomes clear.,Your patience pays off when the situation changes enough for you to understand what was happening near the camp.,ARMED_STRANGER_OBSERVED,-,-,-
325,RESOLUTION,END,Nothing Else Happens,"Wait a little longer, then accept that no clearer answer is coming.","You wait for several tense minutes, but nothing else happens and the campsite eventually becomes quiet again.",ARMED_STRANGER_OBSERVED,-,-,-
326,RESPONSE,RESOLUTION,Warn the Group Away,Make it clear that the people watching your camp should keep their distance.,You make it clear that the people watching your camp should keep their distance.,SUSPICIOUS_GROUP,SUSPICIOUS_GROUP_WARNED,-,-
327,RESOLUTION,END,The Source Backs Down,Hold your position without escalating and see whether the other side withdraws.,Your direct approach forces the other party to reveal enough of their intentions before withdrawing from the area.,SUSPICIOUS_GROUP_WARNED,-,-,-
328,RESOLUTION,END,The Confrontation Escalates,Stand by your warning and refuse to let the suspicious group approach.,The situation becomes tense and dangerous before the other party finally retreats and the encounter ends.,SUSPICIOUS_GROUP_WARNED,-,-,HP_MINOR_LOSS
329,RESPONSE,RESOLUTION,Remain Hidden and Listen Longer,Stay concealed and continue listening for clues about why the group is watching the camp.,You stay concealed and continue listening for clues about why the group is watching the camp.,SUSPICIOUS_GROUP,SUSPICIOUS_GROUP_LISTENED,-,-
330,RESOLUTION,END,The Situation Reveals Itself,Keep observing without interfering until the situation becomes clear.,Your patience pays off when the situation changes enough for you to understand what was happening near the camp.,SUSPICIOUS_GROUP_LISTENED,-,-,-
331,RESOLUTION,END,Nothing Else Happens,"Wait a little longer, then accept that no clearer answer is coming.","You wait for several tense minutes, but nothing else happens and the campsite eventually becomes quiet again.",SUSPICIOUS_GROUP_LISTENED,-,-,-
332,RESPONSE,RESOLUTION,Inspect the Lantern,Examine the lantern for signs of who carried it and how recently it was used.,You examine the lantern for signs of who carried it and how recently it was used.,LANTERN_FOUND,LANTERN_INSPECTED,-,-
333,RESOLUTION,END,Inspect the Lantern Reveals a Useful Clue,Examine what you found closely enough to make use of the clue.,Your careful inspection reveals enough information to make sense of the immediate situation before you return to camp.,LANTERN_INSPECTED,-,-,-
334,RESOLUTION,END,Inspect the Lantern Remains Inconclusive,"Wait a little longer, then accept that no clearer answer is coming.","You inspect the situation carefully but find nothing decisive. With no further sign of danger, you eventually return to camp.",LANTERN_INSPECTED,-,-,-
335,RESPONSE,RESOLUTION,Leave the Lantern and Return to Camp,Decide not to follow an unknown person farther into the darkness and return to your fire.,You decide not to follow an unknown person farther into the darkness and return to your fire.,LANTERN_FOUND,LANTERN_ABANDONED,-,-
336,RESOLUTION,END,You Return Safely to Camp,Leave the lantern where it is and return to camp.,You avoid pushing the situation farther and return safely to the fire without another disturbance.,LANTERN_ABANDONED,-,-,-
337,RESOLUTION,END,The Disturbance Follows No Further,"Leave the lantern untouched, but watch the area briefly before returning.","Whatever caused the situation does not follow you back, and the rest of the camp remains undisturbed.",LANTERN_ABANDONED,-,-,-
338,RESPONSE,RESOLUTION,Signal Again Before Approaching,Answer with another deliberate torch signal and wait for a clearer response.,You answer with another deliberate torch signal and wait for a clearer response.,LIGHT_SIGNAL_RETURNED,SIGNAL_REPEATED,-,-
339,RESOLUTION,END,The Situation Reveals Itself,Keep observing without interfering until the situation becomes clear.,Your patience pays off when the situation changes enough for you to understand what was happening near the camp.,SIGNAL_REPEATED,-,-,-
340,RESOLUTION,END,Nothing Else Happens,"Wait a little longer, then accept that no clearer answer is coming.","You wait for several tense minutes, but nothing else happens and the campsite eventually becomes quiet again.",SIGNAL_REPEATED,-,-,-
341,RESPONSE,RESOLUTION,Stay at Camp and Watch the Signal,Decide not to follow immediately and instead observe whether the distant light moves closer.,You decide not to follow immediately and instead observe whether the distant light moves closer.,LIGHT_SIGNAL_RETURNED,SIGNAL_OBSERVED_FROM_CAMP,-,-
342,RESOLUTION,END,The Situation Reveals Itself,Keep observing without interfering until the situation becomes clear.,Your patience pays off when the situation changes enough for you to understand what was happening near the camp.,SIGNAL_OBSERVED_FROM_CAMP,-,-,-
343,RESOLUTION,END,Nothing Else Happens,"Wait a little longer, then accept that no clearer answer is coming.","You wait for several tense minutes, but nothing else happens and the campsite eventually becomes quiet again.",SIGNAL_OBSERVED_FROM_CAMP,-,-,-
344,RESPONSE,RESOLUTION,Inspect What Was Taken,Examine the cut bag and compare its contents with what you remember packing.,You examine the cut bag and compare its contents with what you remember packing.,CARGO_DAMAGED,CARGO_DAMAGE_INSPECTED,-,-
345,RESOLUTION,END,Inspect What Was Taken Reveals a Useful Clue,Examine what you found closely enough to make use of the clue.,Your careful inspection reveals enough information to make sense of the immediate situation before you return to camp.,CARGO_DAMAGE_INSPECTED,-,-,-
346,RESOLUTION,END,Inspect What Was Taken Remains Inconclusive,"Wait a little longer, then accept that no clearer answer is coming.","You inspect the situation carefully but find nothing decisive. With no further sign of danger, you eventually return to camp.",CARGO_DAMAGE_INSPECTED,-,-,-
347,RESPONSE,RESOLUTION,Secure What Remains,Stop searching temporarily and secure the remaining cargo before anything else can disappear.,You stop searching temporarily and secure the remaining cargo before anything else can disappear.,CARGO_MISSING,REMAINING_CARGO_SECURED,-,-
348,RESOLUTION,END,Your Preparation Pays Off,Stay ready and follow through on the precautions you prepared.,"Being prepared lets you deal with the situation without being caught off guard, and the immediate danger passes.",REMAINING_CARGO_SECURED,-,-,-
349,RESOLUTION,END,The Threat Never Develops,"Remain prepared for a while, then return to rest when nothing happens.","You remain prepared for trouble, but the situation never escalates and the night gradually becomes quiet again.",REMAINING_CARGO_SECURED,-,-,-
350,RESPONSE,RESOLUTION,Look for Tracks Around the Cargo,Inspect the ground around the missing goods for footprints or drag marks.,You inspect the ground around the missing goods for footprints or drag marks.,CARGO_MISSING,CARGO_TRACKS_SEARCHED,-,-
351,RESOLUTION,END,Look for Tracks Around the Cargo Reveals a Useful Clue,Examine what you found closely enough to make use of the clue.,Your careful inspection reveals enough information to make sense of the immediate situation before you return to camp.,CARGO_TRACKS_SEARCHED,-,-,-
352,RESOLUTION,END,Look for Tracks Around the Cargo Remains Inconclusive,"Wait a little longer, then accept that no clearer answer is coming.","You inspect the situation carefully but find nothing decisive. With no further sign of danger, you eventually return to camp.",CARGO_TRACKS_SEARCHED,-,-,-
353,RESPONSE,RESOLUTION,Return to Rest,Return to the bedroll and try to resume resting now that no threat is visible.,"With no sign of an intruder, you secure the loose equipment and prepare to rest again.",NO_THREAT_FOUND,NO_THREAT_REST_RESUMED,-,-
354,RESOLUTION,END,You Return Safely to Camp,Return to rest now that no threat is visible.,You avoid pushing the situation farther and return safely to the fire without another disturbance.,NO_THREAT_REST_RESUMED,-,-,-
355,RESOLUTION,END,The Disturbance Follows No Further,Keep watch a little longer before deciding the danger has passed.,"Whatever caused the situation does not follow you back, and the rest of the camp remains undisturbed.",NO_THREAT_REST_RESUMED,-,-,-
356,RESPONSE,RESOLUTION,Protect the Embers and Wait,Shield the remaining heat and wait for the wind to weaken before rebuilding the fire.,You shield the remaining heat and wait for the wind to weaken before rebuilding the fire.,EMBERS_USABLE,EMBERS_PROTECTED,-,-
357,RESOLUTION,END,The Situation Reveals Itself,Keep observing without interfering until the situation becomes clear.,Your patience pays off when the situation changes enough for you to understand what was happening near the camp.,EMBERS_PROTECTED,-,-,-
358,RESOLUTION,END,Nothing Else Happens,"Wait a little longer, then accept that no clearer answer is coming.","You wait for several tense minutes, but nothing else happens and the campsite eventually becomes quiet again.",EMBERS_PROTECTED,-,-,-
359,RESPONSE,RESOLUTION,Use the Embers Only for Light,Decide not to rebuild a full fire and keep only enough flame to maintain visibility.,You decide not to rebuild a full fire and keep only enough flame to maintain visibility.,EMBERS_USABLE,EMBERS_USED_FOR_LIGHT,-,-
360,RESOLUTION,END,The Repair Holds,Trust the repair and wait through the remaining danger.,Your quick work stabilizes the problem and prevents it from becoming worse during the rest of the night.,EMBERS_USED_FOR_LIGHT,-,-,-
361,RESOLUTION,END,The Repair Is Only Temporary,Rely on the temporary fix and avoid disturbing it further.,"You stop the immediate problem, but the damage remains something that will need proper attention later.",EMBERS_USED_FOR_LIGHT,-,-,-
362,RESPONSE,RESOLUTION,Search for Dry Kindling,"Search beneath the cart, shelter, and nearby cover for anything dry enough to burn.","You search beneath the cart, shelter, and nearby cover for anything dry enough to burn.",FIREWOOD_WET,DRY_KINDLING_SEARCHED,-,-
363,RESOLUTION,END,Search for Dry Kindling Reveals a Useful Clue,Examine what you found closely enough to make use of the clue.,Your careful inspection reveals enough information to make sense of the immediate situation before you return to camp.,DRY_KINDLING_SEARCHED,-,-,-
364,RESOLUTION,END,Search for Dry Kindling Remains Inconclusive,"Wait a little longer, then accept that no clearer answer is coming.","You inspect the situation carefully but find nothing decisive. With no further sign of danger, you eventually return to camp.",DRY_KINDLING_SEARCHED,-,-,-
365,RESPONSE,RESOLUTION,Reinforce the Shelter Instead of Replacing the Rope,Brace the damaged section with available materials rather than relying on the broken rope.,You brace the damaged section with available materials rather than relying on the broken rope.,SHELTER_DAMAGED,SHELTER_REINFORCED,-,-
366,RESOLUTION,END,The Repair Holds,Trust the repair and wait through the remaining danger.,Your quick work stabilizes the problem and prevents it from becoming worse during the rest of the night.,SHELTER_REINFORCED,-,-,-
367,RESOLUTION,END,The Repair Is Only Temporary,Rely on the temporary fix and avoid disturbing it further.,"You stop the immediate problem, but the damage remains something that will need proper attention later.",SHELTER_REINFORCED,-,-,-
368,RESPONSE,RESOLUTION,Move the Most Valuable Goods Under Shelter,Prioritize the most valuable cargo and move it into the driest part of the camp.,You prioritize the most valuable cargo and move it into the driest part of the camp.,CARGO_WET_RISK,VALUABLE_CARGO_MOVED,-,-
369,RESOLUTION,END,The Repair Holds,Trust the repair and wait through the remaining danger.,Your quick work stabilizes the problem and prevents it from becoming worse during the rest of the night.,VALUABLE_CARGO_MOVED,-,-,-
370,RESOLUTION,END,The Repair Is Only Temporary,Rely on the temporary fix and avoid disturbing it further.,"You stop the immediate problem, but the damage remains something that will need proper attention later.",VALUABLE_CARGO_MOVED,-,-,-
371,RESPONSE,RESOLUTION,Inspect the Shelter One More Time,Check the reinforced shelter carefully before trusting it for the rest of the storm.,You check the reinforced shelter carefully before trusting it for the rest of the storm.,SHELTER_STABLE,SHELTER_RECHECKED,-,-
372,RESOLUTION,END,Inspect the Shelter One More Time Reveals a Useful Clue,Examine what you found closely enough to make use of the clue.,Your careful inspection reveals enough information to make sense of the immediate situation before you return to camp.,SHELTER_RECHECKED,-,-,-
373,RESOLUTION,END,Inspect the Shelter One More Time Remains Inconclusive,"Wait a little longer, then accept that no clearer answer is coming.","You inspect the situation carefully but find nothing decisive. With no further sign of danger, you eventually return to camp.",SHELTER_RECHECKED,-,-,-
374,RESOLUTION,END,The Person Reacts Unexpectedly,Give the person a moment to respond to your decision.,"The person reacts differently than expected, but the encounter still ends without leaving the immediate situation unresolved.",TRAVELLER_INVITED,-,-,-
375,RESOLUTION,END,The Person Reacts Unexpectedly 2,Give the person a moment to respond to your decision.,"The person reacts differently than expected, but the encounter still ends without leaving the immediate situation unresolved.",TRAVELLER_SENT_AWAY,-,-,-
376,RESOLUTION,END,The Person Reacts Unexpectedly 3,Give the person a moment to respond to your decision.,"The person reacts differently than expected, but the encounter still ends without leaving the immediate situation unresolved.",MERCHANT_DIRECTED,-,-,-
377,RESOLUTION,END,The Person Reacts Unexpectedly 4,Give the person a moment to respond to your decision.,"The person reacts differently than expected, but the encounter still ends without leaving the immediate situation unresolved.",STRANGER_WARNED,-,-,-
378,RESOLUTION,END,The Person Reacts Unexpectedly 5,Give the person a moment to respond to your decision.,"The person reacts differently than expected, but the encounter still ends without leaving the immediate situation unresolved.",STRANGERS_OBSERVED,-,-,-
379,RESOLUTION,END,Alternative Outcome: Search the Abandoned Belongings,Follow through with your decision to search the Abandoned Belongings.,"The situation develops differently than expected, but the immediate encounter still reaches a clear conclusion.",BELONGINGS_SEARCHED,-,-,-
380,RESOLUTION,END,The Person Reacts Unexpectedly 6,Give the person a moment to respond to your decision.,"The person reacts differently than expected, but the encounter still ends without leaving the immediate situation unresolved.",NAME_MYSTERY_CHALLENGED,-,-,-
381,RESOLUTION,END,Alternative Outcome: Follow the Returned Light Signal,Follow through with your decision to follow the Returned Light Signal.,"The situation develops differently than expected, but the immediate encounter still reaches a clear conclusion.",LIGHT_SIGNAL_FOLLOWED,-,-,-
382,RESOLUTION,END,Alternative Outcome: Search Beyond the Extinguished Lantern,Follow through with your decision to search Beyond the Extinguished Lantern.,"The situation develops differently than expected, but the immediate encounter still reaches a clear conclusion.",LANTERN_TRAIL_SEARCHED,-,-,-
383,RESOLUTION,END,Alternative Outcome: Follow Where the Light Vanished,Follow through with your decision to follow Where the Light Vanished.,"The situation develops differently than expected, but the immediate encounter still reaches a clear conclusion.",VANISHED_LIGHT_FOLLOWED,-,-,-
384,RESOLUTION,END,The Thief Gets Away,Continue the attempt a little longer before deciding whether to stop.,"Despite your response, the thief finds an opening and escapes into the darkness before the encounter can develop further.",THIEF_ALLOWED_ESCAPE,-,-,CARGO_SMALL_LOSS
385,RESOLUTION,END,Some Cargo Still Needs Attention,Secure what you can and accept that some cargo remains exposed.,"You stop the immediate problem, but not everything can be fully secured or recovered before you return to rest.",CARGO_REPAIRED,-,-,CARGO_SMALL_LOSS
386,RESOLUTION,END,Some Cargo Still Needs Attention 2,Secure what you can and accept that some cargo remains exposed.,"You stop the immediate problem, but not everything can be fully secured or recovered before you return to rest.",CARGO_FULLY_SECURED,-,-,CARGO_SMALL_LOSS
387,RESOLUTION,END,Some Cargo Still Needs Attention 3,Secure what you can and accept that some cargo remains exposed.,"You stop the immediate problem, but not everything can be fully secured or recovered before you return to rest.",CARGO_WATCHER_CONFRONTED,-,-,CARGO_SMALL_LOSS
388,RESOLUTION,END,The Animal Reacts Unexpectedly,Hold your position and watch how the animal responds.,"The animal reacts differently than expected, forcing you to adjust before it finally leaves the immediate area.",ANIMAL_OBSERVED,-,-,-
389,RESOLUTION,END,Alternative Outcome: Offer Food Away from Camp,Follow through with your decision to offer Food Away from Camp.,"The situation develops differently than expected, but the immediate encounter still reaches a clear conclusion.",ANIMAL_FED,-,-,-
390,RESOLUTION,END,The Animal Reacts Unexpectedly 2,Hold your position and watch how the animal responds.,"The animal reacts differently than expected, forcing you to adjust before it finally leaves the immediate area.",ANIMAL_AVOIDED,-,-,-
391,RESOLUTION,END,The Animal Reacts Unexpectedly 3,Hold your position and watch how the animal responds.,"The animal reacts differently than expected, forcing you to adjust before it finally leaves the immediate area.",ANIMAL_CARGO_DEFENDED,-,-,-
392,RESOLUTION,END,The Animal Reacts Unexpectedly 4,Hold your position and watch how the animal responds.,"The animal reacts differently than expected, forcing you to adjust before it finally leaves the immediate area.",INJURED_ANIMAL_LEFT,-,-,-
393,RESOLUTION,END,The Animal Reacts Unexpectedly 5,Hold your position and watch how the animal responds.,"The animal reacts differently than expected, forcing you to adjust before it finally leaves the immediate area.",ANIMAL_HELD_BY_FIRE,-,-,-
394,RESOLUTION,END,The Animal Reacts Unexpectedly 6,Hold your position and watch how the animal responds.,"The animal reacts differently than expected, forcing you to adjust before it finally leaves the immediate area.",ANIMAL_RETREAT_CONFIRMED,-,-,-
395,RESOLUTION,END,The Fire Remains Weak,Rely on the temporary fix and avoid disturbing it further.,"Your attempt helps, but the fire never fully recovers and you continue the night with only limited warmth and light.",FIRE_RESTORED,-,-,TIME_1H_LOSS
396,RESOLUTION,END,Alternative Outcome: Use Reserved Dry Fuel,Hold your ground and let the encounter resolve.,"The situation develops differently than expected, but the immediate encounter still reaches a clear conclusion.",FIRE_RESTORED,-,-,-
397,RESOLUTION,END,The Fire Remains Weak 2,Rely on the temporary fix and avoid disturbing it further.,"Your attempt helps, but the fire never fully recovers and you continue the night with only limited warmth and light.",FIRE_ABANDONED,-,-,TIME_1H_LOSS
398,RESOLUTION,END,The Repair Barely Holds,Rely on the temporary fix and avoid disturbing it further.,"The repair survives the immediate problem, but only just, leaving the camp less comfortable for the rest of the night.",SHELTER_REPAIRED,-,-,-
399,RESOLUTION,END,Some Cargo Still Needs Attention 4,Secure what you can and accept that some cargo remains exposed.,"You stop the immediate problem, but not everything can be fully secured or recovered before you return to rest.",CARGO_RAIN_SECURED,-,-,CARGO_SMALL_LOSS
400,RESOLUTION,END,Alternative Outcome: Move the Camp to Higher Ground,Follow through with your decision to move the Camp to Higher Ground.,"The situation develops differently than expected, but the immediate encounter still reaches a clear conclusion.",CAMP_MOVED_HIGHER,-,-,-
401,RESOLUTION,END,The Weather Causes Further Trouble,Keep moving away from the flooded campsite until the immediate weather danger has passed.,"Your response prevents the worst outcome, but the weather still causes additional difficulty before the situation settles.",CAMP_ABANDONED,-,-,CARGO_SMALL_LOSS
402,RESOLUTION,END,The Weather Causes Further Trouble 2,Stay sheltered and wait to see whether the storm causes another problem.,"Your response prevents the worst outcome, but the weather still causes additional difficulty before the situation settles.",STORM_WAITED_OUT,-,-,TIME_1H_LOSS
403,RESOLUTION,END,Some Cargo Still Needs Attention 5,Secure what you can and accept that some cargo remains exposed.,"You stop the immediate problem, but not everything can be fully secured or recovered before you return to rest.",CARGO_COVER_REPAIRED,-,-,CARGO_SMALL_LOSS
404,RESOLUTION,END,The Repair Barely Holds 2,Rely on the temporary fix and avoid disturbing it further.,"The repair survives the immediate problem, but only just, leaving the camp less comfortable for the rest of the night.",SHELTER_TRUSTED,-,-,-
405,RESOLUTION,END,Alternative Outcome: Return to Rest After Finding Nothing,Follow through with your decision to return to Rest After Finding Nothing.,"The situation develops differently than expected, but the immediate encounter still reaches a clear conclusion.",MYSTERY_ABANDONED,-,-,-
406,RESOLUTION,END,Nothing More Is Revealed,"Wait a little longer, then accept that no clearer answer is coming.","You wait and observe, but the situation gives you no further answer before the night becomes quiet again.",MYSTERY_WAITED,-,-,-
407,RESOLUTION,END,Alternative Outcome: Respect the Warning,Follow through with your decision to respect the Warning.,"The situation develops differently than expected, but the immediate encounter still reaches a clear conclusion.",WARNING_RESPECTED,-,-,-
408,REVEAL,RESPONSE,The Whispering Continues,Remain by the fire and listen to the whispering.,"You remain beside the fire as the quiet voices continue somewhere beyond the light. After a moment, it becomes clear that more than one person is speaking.","WAITING_AT_FIRE, WHISPERS_HEARD","HUMAN_CONFIRMED, MULTIPLE_PEOPLE",UNKNOWN_SOURCE,-
409,REVEAL,RESPONSE,The Voices Suddenly Stop,Stay by the fire and listen for any sign that the voices are still nearby.,"You wait beside the fire, but the whispering abruptly stops. No one approaches, and the darkness around the camp becomes quiet again.","WAITING_AT_FIRE, WHISPERS_HEARD","NO_SOURCE_FOUND, SILENCE",UNKNOWN_SOURCE,-
410,REVEAL,RESPONSE,A Figure Moves Closer to the Firelight,Stay in the firelight and watch the nearby figure.,"After several tense moments, a lone figure moves closer to the camp but stops just beyond the edge of the firelight.","WAITING_AT_FIRE, HUMAN_POSSIBLE","HUMAN_CONFIRMED, PERSON_NEARBY",UNKNOWN_SOURCE,-
411,REVEAL,RESPONSE,Movement Circles Beyond the Firelight,Track the movement from beside the fire.,"You stay beside the fire and wait. After a while, faint movement circles beyond the light without coming any closer.","WAITING_AT_FIRE, MOVEMENT_HEARD","NO_SOURCE_FOUND, SOURCE_FLED_POSSIBLE",UNKNOWN_SOURCE,-
412,REVEAL,RESPONSE,Another Cry Comes from the Darkness,Stay put and listen for the voice again.,"You remain beside the fire until another distant cry carries through the night, confirming that someone or something is still out there.","WAITING_AT_FIRE, VOICE_HEARD","DISTRESS_CONFIRMED, VOICE_LOCATED",UNKNOWN_SOURCE,-
413,REVEAL,RESPONSE,The Fire Sinks to Embers,Keep waiting while watching the weakening fire.,You stay beside the fire and watch the weak flames sink lower until only a bed of glowing embers remains.,"WAITING_AT_FIRE, FIRE_LOW",EMBERS_USABLE,-,-
414,REVEAL,RESPONSE,The Strange Light Reappears,Watch for the strange light to appear again.,"You remain beside the fire, and after a tense wait the distant light appears again between the trees.","WAITING_AT_FIRE, LIGHT_SEEN",LIGHT_SIGNAL_RETURNED,UNKNOWN_SOURCE,-
415,REVEAL,RESPONSE,An Animal Lingers Beyond the Camp,Keep watch for the animal from the camp.,"You stay beside the fire until a shape moves at the edge of the darkness, revealing that an animal has remained nearby.","WAITING_AT_FIRE, ANIMAL_SOUND","ANIMAL_CONFIRMED, ANIMAL_WATCHING",UNKNOWN_SOURCE,-
416,REVEAL,RESPONSE,Nothing Comes Closer to the Fire,Wait a little longer beside the fire.,"You remain beside the fire and wait, but whatever disturbed the night never comes close enough to reveal itself.",WAITING_AT_FIRE,"NO_SOURCE_FOUND, SILENCE",UNKNOWN_SOURCE,-
417,REVEAL,RESPONSE,The Torch Reveals No Clear Source,Sweep the torchlight over the area once more.,"The torchlight reaches across the nearby ground, but nothing obvious remains within sight.",TORCH_LIT,NO_SOURCE_FOUND,UNKNOWN_SOURCE,-
418,REVEAL,RESPONSE,No Second Cry Comes,Keep listening for another cry before deciding the voice is gone.,"You listen carefully for another call, but the night stays silent and gives you no clearer direction.",LISTENING_FOR_VOICE,"NO_SOURCE_FOUND, SILENCE",-,-
419,REVEAL,RESPONSE,The Footsteps Do Not Return,Wait quietly for the footsteps to return.,"You wait for the footsteps to begin again, but the area around the camp becomes completely still.",LISTENING_FOR_FOOTSTEPS,"NO_SOURCE_FOUND, SILENCE",UNKNOWN_SOURCE,-
420,REVEAL,RESPONSE,No Signal Answers Your Torch,Hold the torch signal a little longer and watch for an answer.,"You hold the torch high and wait, but no light answers from the darkness.",SIGNALLED_LIGHT,"NO_SOURCE_FOUND, SILENCE",-,-
421,REVEAL,RESPONSE,The Distant Light Fades Away,Keep watching the distant light until it disappears from view.,You watch from the safety of the camp until the distant light slowly disappears between the trees.,OBSERVING_LIGHT,"LIGHT_VANISHED, NO_SOURCE_FOUND",UNKNOWN_SOURCE,-
422,REVEAL,RESPONSE,Nothing Approaches the Guarded Cargo,Keep guarding the cargo and wait.,"You keep watch over the supplies, but no one comes close enough to threaten the cargo again.",CARGO_GUARDED,"NO_SOURCE_FOUND, SILENCE",UNKNOWN_SOURCE,-
423,REVEAL,RESPONSE,A Lone Animal Moves Near the Camp,Stay still and watch the lone animal at the edge of the camp.,A single shape moves through the darkness near the camp before hesitating at the edge of the firelight.,ANIMAL_LISTENING,"ANIMAL_CONFIRMED, ANIMAL_WATCHING",UNKNOWN_SOURCE,-
424,REVEAL,RESPONSE,The Animal Holds Its Ground,Keep making noise and watch whether the animal retreats or stands its ground.,"The noise makes the animal pause, but instead of fleeing it remains just beyond the firelight.",ANIMAL_SCARE_ATTEMPT,"ANIMAL_CONFIRMED, LARGE_ANIMAL",UNKNOWN_SOURCE,-
425,REVEAL,RESPONSE,A Larger Animal Finds the Bait,Stay back and watch what approaches the bait.,"Movement approaches the food, but the shape that emerges is larger than you expected.",ANIMAL_BAIT_SET,"ANIMAL_CONFIRMED, LARGE_ANIMAL",UNKNOWN_SOURCE,-
426,REVEAL,RESPONSE,The Remaining Fuel Is Soaked,Check whether any usable fuel remains after protecting the embers.,"You protect the last heat from the wind, but most of the nearby fuel has already become too wet to burn easily.",FIRE_PROTECTED,FIREWOOD_WET,-,-
427,REVEAL,RESPONSE,Some Protected Fuel Remains,Search the damp firewood for anything dry enough to burn.,"Most of the exposed wood is damp, but you find a small amount of protected fuel that may still be usable.",FIRE_REBUILD_ATTEMPT,FIREWOOD_WET,-,-
428,REVEAL,RESPONSE,Water Begins Gathering Around the Shelter,Check the ground around the shelter while tightening the supports.,"While securing the shelter, you notice water collecting around the campsite faster than expected.",SHELTER_SECURE_ATTEMPT,FLOODING_RISK,-,-
429,REVEAL,RESPONSE,Rain Starts Reaching the Covered Goods,Inspect the cargo covers again as the rain grows heavier.,"Despite your precautions, water begins working through the cargo protection and threatens the exposed goods.",CARGO_RAIN_PROTECTION,"CARGO_WET_RISK, CARGO_COVER_TORN",-,-
430,RESOLUTION,END,The Animal Retreats After a Standoff,Hold your ground without advancing and wait out the standoff.,"The animal resists for a moment, then finally backs away and disappears beyond the edge of the camp.",ANIMAL_SCARED,-,-,DANGER_AVOIDED
431,START,REACTION,Hunger Keeps You Awake,Acknowledge the hunger and decide what to do.,"Hunger pulls you out of an uneasy rest and refuses to let you settle again. Your stomach tightens painfully, and the thought of the food packed among your supplies becomes harder to ignore as the minutes pass.","CAMP, HUNGER","CAMP, HUNGER",-,-
432,START,REACTION,Thirst Breaks Your Rest,Deal with the thirst before trying to rest again.,"You wake with a dry mouth and a persistent thirst that makes it difficult to rest. The night air offers little relief, and your attention keeps returning to the water you still have or the lack of it.","CAMP, THIRST","CAMP, THIRST",-,-
433,START,REACTION,Exhaustion Catches Up,Stop fighting the exhaustion and assess your condition.,"The strain of the road finally catches up with you. Even at rest your muscles feel heavy, your thoughts come slowly, and the effort of the journey lingers in every movement.","CAMP, EXHAUSTED","CAMP, EXHAUSTED",-,-
434,REACTION,REVEAL,Eat from Your Supplies,Take a small portion of food from your supplies.,You decide that a little food is worth more than another hour of restless hunger.,"CAMP, HUNGER",HUNGER_EATING,-,FOOD_1_LOSS
435,REACTION,REVEAL,Try to Ignore the Hunger,Turn over and try to sleep through the hunger.,You decide not to spend food and try to force yourself back to sleep.,"CAMP, HUNGER",HUNGER_IGNORED,-,-
436,REACTION,REVEAL,Distract Yourself with Camp Chores,Get up and busy yourself with small tasks around camp.,"Rather than eat, you check straps, tidy the fire, and keep your hands occupied.","CAMP, HUNGER",HUNGER_DISTRACTED,-,-
437,REVEAL,RESPONSE,A Small Meal Settles Your Stomach,Eat slowly and wait to see whether it is enough.,The small meal takes the edge off the hunger and your body begins to relax again.,HUNGER_EATING,HUNGER_EASED,-,-
438,REVEAL,RESPONSE,The Hunger Refuses to Fade,Lie still a little longer and see whether the feeling passes.,"Minutes pass, but the hunger only becomes harder to ignore.",HUNGER_IGNORED,HUNGER_PERSISTS,-,-
439,REVEAL,RESPONSE,Keeping Busy Helps for a While,Finish the small chores and see whether your mind settles.,"The work distracts you for a while, though the hunger has not truly gone away.",HUNGER_DISTRACTED,HUNGER_TEMPORARILY_IGNORED,-,-
440,RESPONSE,RESOLUTION,Return to Rest,Settle back down while the hunger is under control.,You return to your bedroll before the discomfort can return.,HUNGER_EASED,HUNGER_REST_RESUMED,-,-
441,RESPONSE,RESOLUTION,Give In and Eat After All,Stop fighting the hunger and take something from your supplies.,You finally decide that conserving the food is not worth losing the rest.,HUNGER_PERSISTS,HUNGER_LATE_EATING,-,FOOD_1_LOSS
442,RESPONSE,RESOLUTION,Keep Yourself Occupied,Stay awake a little longer and keep your hands busy.,You continue working around camp until tiredness begins to overpower the hunger.,HUNGER_TEMPORARILY_IGNORED,HUNGER_STAYED_BUSY,-,-
443,RESOLUTION,END,You Rest More Comfortably,Close your eyes and return to sleep.,"With the hunger eased, you settle back into a more comfortable rest.",HUNGER_REST_RESUMED,-,-,-
444,RESOLUTION,END,A Late Meal Finally Lets You Rest,Finish the small meal and return to bed.,The food finally quiets your stomach enough for sleep to return.,HUNGER_LATE_EATING,-,-,-
445,RESOLUTION,END,The Hunger Costs You Some Rest,Return to bed once you are too tired to keep busy.,"You eventually sleep, but the time spent fighting the hunger leaves the rest less useful than it should have been.",HUNGER_STAYED_BUSY,-,-,TIME_1H_LOSS
446,REACTION,REVEAL,Drink from Your Supplies,Take a measured drink from your water supply.,You decide that a little water is worth more than another hour of restless thirst.,"CAMP, THIRST",THIRST_DRINKING,-,DRINK_1_LOSS
447,REACTION,REVEAL,Try to Conserve the Water,Ignore the dry throat and try to sleep without drinking.,You keep the water stored away and try to rest despite the discomfort.,"CAMP, THIRST",THIRST_IGNORED,-,-
448,REACTION,REVEAL,Step into the Cooler Night Air,Leave the bedroll for a moment and cool down beside the camp.,You step away from the heat of the fire and let the cooler night air settle you.,"CAMP, THIRST",THIRST_COOLING_OFF,-,-
449,REVEAL,RESPONSE,The Water Clears Your Head,Drink slowly and wait for the dryness to fade.,The water eases the thirst and your thoughts become less distracted.,THIRST_DRINKING,THIRST_EASED,-,-
450,REVEAL,RESPONSE,The Thirst Grows Sharper,Wait a little longer and see whether the discomfort passes.,"The dryness only becomes harder to ignore, and sleep feels farther away.",THIRST_IGNORED,THIRST_PERSISTS,-,-
451,REVEAL,RESPONSE,The Cool Air Helps a Little,Stay outside the bedroll until you feel calmer.,"The cooler air offers some relief, though it does not truly satisfy the thirst.",THIRST_COOLING_OFF,THIRST_TEMPORARILY_IGNORED,-,-
452,RESPONSE,RESOLUTION,Return to Rest After Drinking,Settle back down while the thirst is under control.,You return to the bedroll before the discomfort can return.,THIRST_EASED,THIRST_REST_RESUMED,-,-
453,RESPONSE,RESOLUTION,Take a Drink After All,Stop conserving the water and take a drink.,You finally decide that the lost rest is costing more than the water.,THIRST_PERSISTS,THIRST_LATE_DRINK,-,DRINK_1_LOSS
454,RESPONSE,RESOLUTION,Wait for Sleep to Return,Stay in the cool air a little longer before returning to bed.,You remain outside the bedroll until tiredness begins to outweigh the thirst.,THIRST_TEMPORARILY_IGNORED,THIRST_WAITED_OUT,-,-
455,RESOLUTION,END,Sleep Comes Easier,Close your eyes and return to sleep.,"With the thirst eased, you settle into rest again.",THIRST_REST_RESUMED,-,-,-
456,RESOLUTION,END,The Drink Finally Lets You Rest,Finish the drink and return to bed.,The water settles the discomfort enough for sleep to return.,THIRST_LATE_DRINK,-,-,-
457,RESOLUTION,END,The Thirst Costs You Some Rest,Return to bed once you are too tired to stay awake.,"You eventually sleep, but the time spent fighting the thirst leaves the rest less useful than it should have been.",THIRST_WAITED_OUT,-,-,TIME_1H_LOSS
458,REACTION,REVEAL,Give In to the Exhaustion,Stop resisting and let yourself sink into the bedroll.,You decide that nothing around camp matters more than finally resting.,"CAMP, EXHAUSTED",EXHAUSTION_ACCEPTED,-,-
459,REACTION,REVEAL,Check the Camp Before Sleeping,Force yourself up for one final check of the camp.,"Despite the exhaustion, you decide to make sure the fire, cargo, and shelter are secure first.","CAMP, EXHAUSTED",EXHAUSTION_CHECKING_CAMP,-,-
460,REACTION,REVEAL,Sit by the Fire for a Moment,Stay awake by the fire until your thoughts settle.,You sit quietly beside the fire and give yourself a moment to recover before lying down.,"CAMP, EXHAUSTED",EXHAUSTION_PAUSING,-,-
461,REVEAL,RESPONSE,Sleep Takes You Almost Immediately,Let your body relax and stop fighting the fatigue.,"The moment you lie down, the exhaustion pulls you toward deep sleep.",EXHAUSTION_ACCEPTED,EXHAUSTION_DEEP_SLEEP,-,-
462,REVEAL,RESPONSE,Fatigue Makes the Camp Check Difficult,Finish the check even though your attention is fading.,You catch yourself missing small details and moving more slowly than usual.,EXHAUSTION_CHECKING_CAMP,EXHAUSTION_SLOPPY_CHECK,-,-
463,REVEAL,RESPONSE,The Quiet Fire Clears Your Head,Stay beside the fire until you feel steady enough to sleep.,"A few quiet minutes help your thoughts settle, even if your body remains exhausted.",EXHAUSTION_PAUSING,EXHAUSTION_CALMER,-,-
464,RESPONSE,RESOLUTION,Let Yourself Sleep Deeply,Stop resisting and allow the rest to take over.,You stop checking the camp and finally give your body the rest it has been asking for.,EXHAUSTION_DEEP_SLEEP,EXHAUSTION_RESTING,-,-
465,RESPONSE,RESOLUTION,Finish Securing the Camp,Push through the fatigue long enough to secure the most important things.,You use the last of your focus to tighten the cargo and check the shelter before lying down.,EXHAUSTION_SLOPPY_CHECK,EXHAUSTION_CAMP_SECURED,-,-
466,RESPONSE,RESOLUTION,Return to Bed Once You Feel Steadier,Leave the fire and settle down before the fatigue becomes worse.,You decide not to waste the brief calm and return to your bedroll.,EXHAUSTION_CALMER,EXHAUSTION_RETURNED_TO_BED,-,-
467,RESOLUTION,END,Deep Rest Comes Quickly,Close your eyes and let the exhaustion take over.,Sleep comes almost immediately and the camp remains quiet around you.,EXHAUSTION_RESTING,-,-,-
468,RESOLUTION,END,The Extra Check Costs You Time,Lie down once the camp is finally secure.,"The camp is safer, but fighting the exhaustion costs you time that should have been spent resting.",EXHAUSTION_CAMP_SECURED,-,-,TIME_1H_LOSS
469,RESOLUTION,END,You Settle Down After the Pause,Return to sleep while your thoughts are finally calm.,"The brief pause is enough to settle you, and the exhaustion soon carries you into sleep.",EXHAUSTION_RETURNED_TO_BED,-,-,-
